{
    "DIDP_Complete": {
        "Times: ": [
            0,
            0.0020752,
            0.0055291,
            0.0107792,
            0.0155032,
            0.0158801,
            0.0439478,
            0.0444304,
            0.1377416,
            0.1412535,
            0.1432217,
            0.2051155,
            0.3742453,
            4.6974852,
            41.9189512,
            42.041651,
            42.0436303,
            46.6286,
            49.2000949,
            49.2047479,
            49.2301266,
            208.6306757,
            208.6384038,
            208.6604268,
            209.3692473,
            209.3705167,
            245.8976498,
            255.0581283,
            390.8106094,
            408.26851,
            600.3618908,
            600
        ],
        "Solution Costs: ": [
            null,
            284.5,
            280.4,
            271.3,
            257.2,
            256.3,
            250.5,
            249.3,
            248.3,
            232.6,
            226.6,
            224.1,
            223.8,
            223.7,
            221.2,
            220.9,
            220.6,
            219.9,
            219.8,
            219.2,
            218.2,
            216.9,
            216.9,
            216.6,
            215.5,
            214.5,
            213.7,
            213.6,
            213.2,
            210.7,
            210.7
        ],
        "Optimality: ": false,
        "Best Cost: ": 210.7,
        "Best Path: ": [
            [
                9,
                22,
                18,
                26,
                16
            ],
            [
                30,
                12,
                1,
                7,
                13,
                6,
                29
            ],
            [
                15,
                10,
                25,
                5,
                20,
                27
            ],
            [
                23,
                3,
                2,
                17,
                19,
                31,
                21
            ],
            [
                8,
                11,
                4,
                28,
                14,
                24
            ]
        ]
    },
    "DIDP_No_Bound": {
        "Times: ": [
            0,
            0.0015946,
            0.0046859,
            0.0053264,
            0.0197221,
            0.0307869,
            0.1192944,
            0.2152405,
            0.5426578,
            0.5437121,
            0.5441735,
            0.7774226,
            0.8675643,
            0.8964117,
            2.4255229,
            2.4600036,
            3.5333508,
            258.677956,
            258.7487361,
            600.4623233,
            600
        ],
        "Solution Costs: ": [
            null,
            262.1,
            256.4,
            256.4,
            253.3,
            252.7,
            252.4,
            251.0,
            245.5,
            244.1,
            243.9,
            226.5,
            226.5,
            225.3,
            222.2,
            221.0,
            220.5,
            217.9,
            217.8,
            217.8
        ],
        "Optimality: ": false,
        "Best Cost: ": 217.8,
        "Best Path: ": [
            [
                14,
                6,
                28,
                4,
                11,
                8
            ],
            [
                27,
                22,
                9,
                18,
                23
            ],
            [
                24,
                20,
                5,
                25,
                10,
                15,
                29
            ],
            [
                30,
                26,
                7,
                13,
                19,
                17,
                31
            ],
            [
                16,
                12,
                1,
                21,
                2,
                3
            ]
        ]
    },
    "DIDP_No_Implied": {
        "Times: ": [
            0,
            0.0016032,
            0.0058194,
            0.0074741,
            0.0096073,
            0.5312478,
            0.5316801,
            0.540872,
            0.5847927,
            0.5952731,
            0.8967338,
            4.0751658,
            4.0804336,
            4.0807235,
            4.0857293,
            4.2121998,
            4.2182653,
            4.2184763,
            4.2597089,
            29.0528671,
            29.0588325,
            29.1115663,
            29.2029551,
            29.2036526,
            52.0793897,
            52.1934301,
            52.196319,
            600.4734046,
            600
        ],
        "Solution Costs: ": [
            null,
            284.5,
            275.0,
            272.2,
            238.4,
            234.8,
            234.8,
            233.6,
            231.9,
            231.5,
            229.6,
            224.6,
            223.0,
            221.2,
            221.1,
            220.8,
            220.7,
            220.7,
            220.5,
            213.6,
            213.2,
            212.7,
            212.6,
            212.5,
            210.9,
            210.5,
            210.0,
            210.0
        ],
        "Optimality: ": false,
        "Best Cost: ": 210.0,
        "Best Path: ": [
            [
                28,
                4,
                11,
                8,
                14,
                24
            ],
            [
                23,
                3,
                2,
                17,
                19,
                31,
                21
            ],
            [
                22,
                9,
                18,
                6,
                16,
                30
            ],
            [
                20,
                5,
                26,
                7,
                13,
                1,
                12
            ],
            [
                15,
                10,
                25,
                29,
                27
            ]
        ]
    },
    "DIDP_Base": {
        "Times: ": [
            0,
            0.0048647,
            0.0044582,
            0.0051493,
            0.0172825,
            0.0184053,
            0.0195386,
            0.0205242,
            0.0314072,
            0.0723186,
            1.9047589,
            1.9135763,
            502.8937558,
            502.9169958,
            504.0503413,
            504.0505639,
            504.0579721,
            600.448661,
            600
        ],
        "Solution Costs: ": [
            null,
            262.1,
            256.4,
            256.4,
            253.3,
            244.6,
            238.6,
            231.8,
            229.1,
            227.0,
            222.9,
            222.2,
            221.8,
            221.5,
            221.3,
            220.5,
            219.9,
            219.9
        ],
        "Optimality: ": false,
        "Best Cost: ": 219.9,
        "Best Path: ": [
            [
                26,
                7,
                13,
                21,
                31,
                19,
                17
            ],
            [
                30,
                12,
                1,
                16,
                14,
                18
            ],
            [
                24,
                8,
                11,
                9,
                22
            ],
            [
                6,
                3,
                2,
                23,
                28,
                4
            ],
            [
                27,
                20,
                5,
                25,
                10,
                15,
                29
            ]
        ]
    },