{
    "CP_Model": {
        "Solution Cost: ": 245.266,
        "Path: ": [
            [
                26,
                19,
                17,
                31,
                3,
                23,
                6,
                27
            ],
            [
                24,
                4,
                11,
                9,
                22,
                15
            ],
            [
                20,
                5,
                29,
                8,
                7,
                1
            ],
            [
                30,
                12,
                21,
                2,
                28,
                18,
                14
            ],
            [
                25,
                10,
                13,
                16
            ]
        ],
        "Optimal: ": false,
        "Time: ": 600.2052946090698
    },
    "DIDP_Complete": {
        "Solution Cost: ": 212.76122497574218,
        "Path: ": [
            [
                16,
                12,
                1,
                7,
                13,
                29
            ],
            [
                22,
                9,
                8,
                18,
                6,
                26,
                30
            ],
            [
                15,
                10,
                25,
                5,
                20,
                27
            ],
            [
                23,
                3,
                2,
                17,
                19,
                31,
                21
            ],
            [
                4,
                11,
                28,
                14,
                24
            ]
        ],
        "Optimal: ": false,
        "Time: ": 600.205364
    },
    "DIDP_No_Bound": {
        "Solution Cost: ": 219.22859383384076,
        "Path: ": [
            [
                24,
                11,
                9,
                22
            ],
            [
                30,
                7,
                21,
                31,
                19,
                13,
                3
            ],
            [
                14,
                6,
                23,
                28,
                4,
                8,
                18
            ],
            [
                26,
                16,
                12,
                1,
                17,
                2
            ],
            [
                27,
                20,
                5,
                25,
                10,
                15,
                29
            ]
        ],
        "Optimal: ": false,
        "Time: ": 600.3776478
    }
}