{
    "Bound": 0.0548271667457705,
    "No_Bound": 0.003949967083607637,
    "CP": 0.10011989620069624,
    "SAT": 0.47486987468413056,
    "SMT": 0.23674813178243123,
    "MIP": 0.22756279643072352
}