{
    "DIDP_Complete": {
        "Path: ": [
            [
                68,
                61,
                81,
                54,
                96,
                93,
                94,
                92,
                95,
                56,
                64,
                83,
                57,
                52,
                99,
                82,
                98,
                88,
                60,
                78,
                73,
                79,
                7,
                6,
                8,
                46,
                45,
                5,
                3,
                1,
                4,
                2,
                55
            ],
            [
                90,
                65,
                66,
                91,
                67,
                62,
                50,
                34,
                31,
                29,
                27,
                26,
                28,
                30,
                32,
                33,
                63,
                85,
                51,
                20,
                22,
                24,
                49,
                19,
                18,
                48,
                21,
                25,
                77,
                58,
                75,
                97,
                59,
                86
            ],
            [
                80,
                71,
                72,
                41,
                42,
                44,
                43,
                40,
                36,
                35,
                37,
                38,
                39,
                70,
                100
            ],
            [
                69,
                10,
                11,
                15,
                16,
                17,
                47,
                14,
                12,
                53,
                9,
                87,
                74,
                13
            ],
            [
                23,
                89,
                76,
                84
            ]
        ],
        "Solution Cost: ": 934.2,
        "Used Vehicles: ": 5,
        "Primal Integral: ": 109.37696339252149,
        "Primal Gap: ": 0.16131449368443593
    },
    "DIDP_No_Resource": {
        "Path: ": [
            [],
            [
                90,
                65,
                66,
                83,
                64,
                56,
                95,
                92,
                94,
                96,
                54,
                81,
                61,
                68,
                69,
                98,
                88,
                60,
                78,
                73,
                79,
                7,
                6,
                8,
                46,
                4,
                45,
                5,
                3,
                1,
                2,
                100,
                70
            ],
            [
                80,
                91,
                93,
                72,
                71,
                67,
                62,
                50,
                34,
                31,
                29,
                27,
                26,
                28,
                30,
                32,
                33,
                63,
                85,
                84,
                51,
                18,
                48,
                21,
                19,
                49,
                20,
                22,
                24,
                57,
                52,
                86,
                74,
                59,
                97,
                13,
                16,
                17,
                47,
                14,
                12,
                82
            ],
            [
                42,
                44,
                43,
                40,
                36,
                35,
                37,
                38,
                39,
                41
            ],
            [
                10,
                11,
                15,
                9,
                87,
                99,
                53,
                55
            ],
            [
                89,
                76,
                23,
                25,
                77,
                75,
                58
            ]
        ],
        "Solution Cost: ": 945.8,
        "Used Vehicles: ": 6,
        "Primal Integral: ": 119.74441028391237,
        "Primal Gap: ": 0.17160076126030868
    },
    "DIDP_No_Bound": {
        "Path: ": [
            [
                69,
                98,
                12,
                14,
                47,
                17,
                16,
                15,
                11,
                10,
                9,
                87,
                59,
                74,
                86,
                52,
                57,
                24,
                22,
                49,
                19,
                18,
                48,
                21,
                25,
                20,
                64,
                83,
                66,
                65,
                90
            ],
            [
                80,
                91,
                92,
                94,
                96,
                93,
                71,
                72,
                41,
                42,
                44,
                39,
                38,
                37,
                35,
                36,
                40,
                43,
                1,
                3,
                5,
                45,
                8,
                46,
                4,
                7,
                6,
                2,
                100,
                70,
                61,
                68
            ],
            [
                81,
                54,
                67,
                62,
                50,
                34,
                31,
                29,
                27,
                26,
                28,
                30,
                32,
                33,
                63,
                85,
                84,
                95
            ],
            [
                56,
                51,
                89,
                76,
                23,
                99,
                82,
                53,
                78,
                73,
                79,
                60,
                88,
                55,
                13,
                97,
                75,
                58,
                77
            ]
        ],
        "Solution Cost: ": 891.2,
        "Used Vehicles: ": 4,
        "Primal Integral: ": 81.07702175815477,
        "Primal Gap: ": 0.12084829443447043
    },