{
    "DIDP_Complete": {
        "Path: ": [
            [
                90,
                82,
                99,
                52,
                57,
                83,
                66,
                56,
                91,
                94,
                93,
                96,
                80
            ],
            [
                69,
                98,
                88,
                78,
                73,
                79,
                7,
                8,
                6,
                2,
                1,
                3,
                5,
                46,
                4,
                100,
                70
            ],
            [
                92,
                95,
                62,
                50,
                67,
                71,
                72,
                61,
                81,
                68
            ],
            [
                65,
                64,
                51,
                85,
                63,
                76,
                19,
                21,
                48,
                18,
                49,
                22,
                20,
                24,
                25,
                77,
                58
            ],
            [
                12,
                14,
                47,
                16,
                15,
                11,
                9,
                87,
                59,
                75,
                97,
                10,
                13,
                17,
                60
            ],
            [
                42,
                39,
                36,
                44,
                40,
                38,
                41,
                43,
                35,
                37,
                54
            ],
            [
                33,
                30,
                27,
                28,
                26,
                29,
                31,
                34,
                32,
                89
            ],
            [
                23,
                84,
                86,
                74
            ],
            [
                45,
                53,
                55
            ]
        ],
        "Solution Cost: ": 1313.6,
        "Used Vehicles: ": 9,
        "Primal Integral: ": 82.22609315184242,
        "Primal Gap: ": 0.12149817295980506
    },
    "DIDP_No_Resource": {
        "Path: ": [
            [
                90,
                82,
                99,
                52,
                57,
                83,
                66,
                56,
                91,
                94,
                93,
                96,
                80
            ],
            [
                69,
                98,
                88,
                78,
                73,
                79,
                7,
                6,
                2,
                1,
                3,
                5,
                46,
                4,
                100,
                70
            ],
            [
                65,
                64,
                51,
                85,
                63,
                76,
                19,
                21,
                48,
                18,
                49,
                22,
                20,
                24,
                25,
                77,
                58
            ],
            [
                92,
                95,
                62,
                50,
                67,
                71,
                72,
                41,
                40,
                35,
                37,
                54,
                68
            ],
            [
                81,
                61,
                53,
                10,
                13,
                17,
                60
            ],
            [
                12,
                14,
                47,
                16,
                15,
                11,
                9,
                86,
                87,
                59,
                75,
                97,
                74
            ],
            [
                42,
                39,
                36,
                44,
                38,
                43
            ],
            [
                33,
                30,
                27,
                28,
                26,
                29,
                31,
                34,
                32,
                89
            ],
            [
                23,
                84
            ],
            [
                45,
                8,
                55
            ]
        ],
        "Solution Cost: ": 1350.6,
        "Used Vehicles: ": 10,
        "Primal Integral: ": 88.94981639364053,
        "Primal Gap: ": 0.1455649341033614
    },
    "DIDP_No_Bound": {
        "Path: ": [
            [
                69,
                98,
                11,
                15,
                16,
                47,
                14,
                12,
                78,
                73,
                79,
                7,
                8,
                6,
                2,
                1,
                3,
                5,
                46,
                4,
                100,
                70
            ],
            [
                90,
                82,
                99,
                52,
                57,
                22,
                19,
                21,
                48,
                18,
                49,
                20,
                24,
                66,
                56,
                91,
                80
            ],
            [
                92,
                95,
                62,
                67,
                94,
                71,
                96,
                81,
                61,
                68
            ],
            [
                65,
                83,
                64,
                51,
                85,
                63,
                30,
                26,
                29,
                31,
                32,
                34,
                50,
                93
            ],
            [
                72,
                36,
                39,
                42,
                44,
                40,
                38,
                41,
                43,
                35,
                37,
                54
            ],
            [
                53,
                9,
                10,
                13,
                17,
                60
            ],
            [
                45,
                88,
                55
            ],
            [
                27,
                28,
                33,
                76,
                84,
                89,
                25,
                77,
                58
            ],
            [
                23,
                86,
                87,
                59,
                75,
                97,
                74
            ]
        ],
        "Solution Cost: ": 1312.6,
        "Used Vehicles: ": 9,
        "Primal Integral: ": 84.68858260597622,
        "Primal Gap: ": 0.12082888922748737
    },