{
    "DIDP_Complete": {
        "Path: ": [
            [
                90,
                65,
                66,
                83,
                64,
                56,
                95,
                92,
                91,
                80,
                94,
                96,
                54,
                72,
                41,
                39,
                37,
                35,
                43,
                68
            ],
            [
                69,
                98,
                53,
                88,
                60,
                78,
                73,
                79,
                7,
                6,
                2,
                8,
                46,
                4,
                45,
                5,
                3,
                1,
                70,
                100,
                55
            ],
            [
                82,
                99,
                52,
                57,
                22,
                49,
                19,
                18,
                48,
                21,
                23,
                25,
                77,
                58,
                75,
                97,
                59,
                87,
                74,
                86,
                9,
                13,
                10
            ],
            [
                81,
                71,
                67,
                62,
                50,
                34,
                31,
                29,
                27,
                26,
                28,
                30,
                32,
                33,
                63,
                85,
                51,
                84
            ],
            [
                61,
                38,
                36,
                40,
                44,
                42,
                12,
                14,
                47,
                17,
                16,
                15,
                11,
                24,
                20,
                76,
                89,
                93
            ]
        ],
        "Solution Cost: ": 962.6,
        "Used Vehicles: ": 5,
        "Primal Integral: ": 123.72311031015191,
        "Primal Gap: ": 0.19374610430085185
    },
    "DIDP_No_Resource": {
        "Path: ": [
            [
                90,
                65,
                82,
                99,
                52,
                57,
                83,
                64,
                56,
                95,
                84,
                62,
                67,
                94,
                93,
                71,
                96,
                54,
                81,
                68,
                70,
                100,
                55
            ],
            [
                69,
                98,
                53,
                88,
                60,
                78,
                73,
                79,
                7,
                6,
                2,
                8,
                46,
                4,
                45,
                5,
                3,
                1,
                43,
                39,
                41,
                91,
                80
            ],
            [
                66,
                24,
                22,
                20,
                49,
                19,
                23,
                21,
                18,
                48,
                25,
                77,
                58,
                59,
                9,
                10
            ],
            [
                92,
                50,
                34,
                31,
                29,
                27,
                26,
                28,
                30,
                32,
                33,
                76,
                89,
                63,
                85,
                51
            ],
            [
                61,
                42,
                44,
                40,
                36,
                35,
                37,
                38,
                72
            ],
            [
                12,
                14,
                47,
                17,
                16,
                15,
                11,
                13,
                87,
                97,
                75,
                74,
                86
            ]
        ],
        "Solution Cost: ": 956.3,
        "Used Vehicles: ": 6,
        "Primal Integral: ": 122.3096413714409,
        "Primal Gap: ": 0.1884345916553382
    },
    "DIDP_No_Bound": {
        "Path: ": [
            [
                90,
                69,
                98,
                53,
                12,
                14,
                47,
                17,
                16,
                15,
                13,
                11,
                10,
                9,
                87,
                59,
                74,
                86,
                57,
                24,
                22,
                49,
                20,
                56,
                91,
                80
            ],
            [
                55,
                100,
                2,
                6,
                7,
                8,
                46,
                4,
                45,
                5,
                3,
                1,
                70,
                68
            ],
            [
                81,
                61,
                42,
                44,
                43,
                40,
                36,
                35,
                37,
                38,
                39,
                41,
                72,
                54,
                96,
                94
            ],
            [
                92,
                95,
                84,
                85,
                63,
                33,
                34,
                31,
                29,
                27,
                26,
                28,
                30,
                32,
                50,
                62,
                67,
                71,
                93
            ],
            [
                65,
                82,
                99,
                52,
                83,
                64,
                51,
                76,
                89,
                19,
                18,
                48,
                21,
                23,
                25,
                77,
                58,
                75,
                97,
                66
            ],
            [
                88,
                60,
                79,
                73,
                78
            ]
        ],
        "Solution Cost: ": 871.2,
        "Used Vehicles: ": 6,
        "Primal Integral: ": 96.28986791115034,
        "Primal Gap: ": 0.10915977961432509
    },