{
    "DIDP_Complete": {
        "Path: ": [
            [
                65,
                83,
                64,
                95,
                67,
                62,
                84,
                56,
                91,
                80
            ],
            [
                69,
                98,
                88,
                78,
                73,
                79,
                6,
                8,
                46,
                4,
                55,
                68
            ],
            [
                82,
                52,
                99,
                57,
                86,
                87,
                9,
                10,
                13,
                17,
                60,
                100,
                70
            ],
            [
                90
            ],
            [
                72,
                36,
                39,
                42,
                44,
                41,
                38,
                40,
                43,
                35,
                37,
                54
            ],
            [
                61,
                71,
                94,
                81,
                96,
                93
            ],
            [
                92,
                85,
                51,
                76,
                18,
                49,
                22,
                20,
                24,
                74,
                58,
                77,
                25,
                48
            ],
            [
                14,
                47,
                16,
                15,
                11,
                12,
                53,
                66
            ],
            [
                63,
                33,
                31,
                29,
                27,
                30,
                28,
                26,
                34,
                50,
                32,
                89
            ],
            [
                5,
                45,
                2,
                7,
                3,
                1
            ],
            [
                59,
                19,
                21,
                23,
                75,
                97
            ]
        ],
        "Solution Cost: ": 1432.1,
        "Used Vehicles: ": 11,
        "Primal Integral: ": 77.89056324584381,
        "Primal Gap: ": 0.11891627679631309
    },
    "DIDP_No_Resource": {
        "Path: ": [
            [
                65,
                83,
                64,
                95,
                67,
                62,
                85,
                51,
                84,
                56,
                66,
                91,
                80
            ],
            [
                69,
                98,
                88,
                78,
                73,
                79,
                6,
                8,
                46,
                3,
                1,
                4,
                100,
                70
            ],
            [
                61,
                81,
                54,
                96,
                93
            ],
            [
                90,
                99,
                57,
                86,
                87,
                9,
                53,
                55,
                68
            ],
            [
                82,
                52,
                23,
                21,
                18,
                19,
                49,
                22,
                20,
                24,
                48,
                25,
                77,
                58
            ],
            [
                14,
                47,
                16,
                15,
                12,
                11,
                10,
                13,
                17,
                60
            ],
            [
                72,
                36,
                39,
                42,
                44,
                41,
                38,
                40,
                35,
                37,
                43
            ],
            [
                92,
                33,
                31,
                29,
                27,
                30,
                28,
                26,
                34,
                50,
                32,
                89
            ],
            [
                5,
                45,
                2,
                7
            ],
            [
                63,
                76,
                71,
                94
            ],
            [
                59,
                75,
                97,
                74
            ]
        ],
        "Solution Cost: ": 1417.1,
        "Used Vehicles: ": 11,
        "Primal Integral: ": 78.68118650771977,
        "Primal Gap: ": 0.10959000776233149
    },
    "DIDP_No_Bound": {
        "Path: ": [
            [
                69,
                98,
                47,
                16,
                15,
                11,
                12,
                78,
                79,
                7,
                6,
                8,
                46,
                3,
                1,
                4,
                100,
                70
            ],
            [
                92,
                95,
                67,
                62,
                84,
                85,
                51,
                49,
                22,
                20,
                66,
                56,
                91,
                80
            ],
            [
                90
            ],
            [
                65,
                82,
                52,
                99,
                57,
                86,
                87,
                9,
                10,
                13,
                60,
                55
            ],
            [
                72,
                36,
                39,
                42,
                44,
                41,
                38,
                40,
                35,
                37,
                43,
                68
            ],
            [
                83,
                64,
                19,
                23,
                21,
                18,
                48,
                25,
                77,
                58
            ],
            [
                61,
                71,
                94,
                81,
                54,
                96
            ],
            [
                63,
                33,
                31,
                29,
                27,
                30,
                28,
                26,
                34,
                50,
                32,
                93
            ],
            [
                5,
                45,
                2,
                88,
                53,
                73,
                17
            ],
            [
                14,
                59,
                75,
                97,
                74
            ],
            [
                76,
                89,
                24
            ]
        ],
        "Solution Cost: ": 1424.0,
        "Used Vehicles: ": 11,
        "Primal Integral: ": 74.84982967770097,
        "Primal Gap: ": 0.1139044943820225
    },