{
    "DIDP_Complete": {
        "Path: ": [
            [
                65,
                83,
                64,
                95,
                67,
                62,
                85,
                76,
                51,
                84,
                56,
                66,
                91,
                80
            ],
            [
                69,
                98,
                88,
                78,
                73,
                79,
                6,
                8,
                46,
                3,
                1,
                4,
                100,
                70
            ],
            [
                61,
                81,
                94,
                96,
                54,
                68
            ],
            [
                90,
                99,
                9,
                87,
                86,
                57,
                22,
                20,
                49,
                24,
                48,
                25,
                77,
                58
            ],
            [
                82,
                52,
                11,
                15,
                16,
                12,
                53,
                60,
                55
            ],
            [
                72,
                36,
                39,
                42,
                44,
                41,
                38,
                40,
                35,
                37,
                43
            ],
            [
                92,
                63,
                33,
                31,
                29,
                27,
                30,
                28,
                26,
                34,
                50,
                93
            ],
            [
                14,
                47,
                59,
                75,
                23,
                21,
                18,
                19,
                97,
                10,
                17,
                13,
                74
            ],
            [
                71,
                32,
                89
            ],
            [
                5,
                45,
                2,
                7
            ]
        ],
        "Solution Cost: ": 1446.7,
        "Used Vehicles: ": 10,
        "Primal Integral: ": 86.9527926154905,
        "Primal Gap: ": 0.1278081150203913
    },
    "DIDP_No_Resource": {
        "Path: ": [
            [],
            [
                65,
                83,
                64,
                95,
                67,
                62,
                85,
                51,
                84,
                56,
                66,
                91,
                80
            ],
            [
                69,
                98,
                88,
                78,
                73,
                79,
                6,
                8,
                46,
                3,
                1,
                4,
                100,
                70
            ],
            [
                81,
                61,
                68,
                54,
                96,
                93
            ],
            [
                90
            ],
            [
                14,
                47,
                16,
                15,
                12,
                11,
                9,
                87,
                86,
                57,
                22,
                20,
                49,
                24,
                48,
                25,
                77,
                58
            ],
            [
                82,
                52,
                99,
                53,
                60,
                55
            ],
            [
                72,
                36,
                39,
                42,
                44,
                41,
                38,
                40,
                35,
                37,
                43
            ],
            [
                92,
                63,
                33,
                28,
                27,
                29,
                30,
                31,
                71,
                94
            ],
            [
                19,
                23,
                21,
                18,
                76,
                50,
                34,
                32,
                26,
                89
            ],
            [
                5,
                45,
                2,
                7
            ],
            [
                59,
                75,
                97,
                10,
                17,
                13,
                74
            ]
        ],
        "Solution Cost: ": 1409.0,
        "Used Vehicles: ": 12,
        "Primal Integral: ": 75.03657114666689,
        "Primal Gap: ": 0.1044712562100781
    },
    "DIDP_No_Bound": {
        "Path: ": [
            [
                69,
                98,
                47,
                16,
                15,
                11,
                12,
                78,
                79,
                7,
                6,
                8,
                46,
                3,
                1,
                4,
                100,
                70
            ],
            [
                92,
                95,
                67,
                62,
                84,
                85,
                51,
                49,
                22,
                20,
                66,
                56,
                91,
                80
            ],
            [
                90
            ],
            [
                65,
                82,
                52,
                99,
                57,
                86,
                87,
                9,
                10,
                13,
                60,
                55
            ],
            [
                81,
                61,
                41,
                40,
                43,
                35,
                37,
                54,
                68
            ],
            [
                83,
                64,
                19,
                23,
                21,
                18,
                48,
                25,
                77,
                58
            ],
            [
                72,
                36,
                39,
                42,
                44,
                38,
                71,
                94,
                96
            ],
            [
                33,
                31,
                29,
                27,
                30,
                28,
                26,
                34,
                50,
                32,
                93
            ],
            [
                5,
                45,
                2,
                88,
                53,
                73,
                17
            ],
            [
                14,
                59,
                75,
                97,
                74
            ],
            [
                63,
                76,
                89,
                24
            ]
        ],
        "Solution Cost: ": 1433.7,
        "Used Vehicles: ": 11,
        "Primal Integral: ": 75.51527618643897,
        "Primal Gap: ": 0.11989956057752674
    },