{
    "DIDP_Complete": {
        "Path: ": [
            [
                90,
                69,
                98,
                88,
                53,
                78,
                73,
                79,
                7,
                6,
                8,
                46,
                4,
                3,
                1,
                70,
                100,
                55,
                68
            ],
            [
                65,
                82,
                99,
                52,
                57,
                22,
                19,
                49,
                20,
                51,
                85,
                84,
                56,
                66,
                91,
                80
            ],
            [
                92,
                95,
                62,
                67,
                71,
                72,
                41,
                38,
                40,
                44,
                61,
                81,
                54,
                94,
                93,
                96
            ],
            [
                83,
                64,
                76,
                63,
                33,
                30,
                28,
                27,
                29,
                31,
                26,
                32,
                34,
                50
            ],
            [
                12,
                14,
                47,
                16,
                15,
                11,
                10,
                9,
                87,
                86,
                74,
                58,
                77,
                25,
                48,
                89,
                24
            ],
            [
                2,
                45,
                5,
                42,
                39,
                36,
                35,
                37,
                43
            ],
            [
                59,
                18,
                21,
                23,
                75,
                97,
                13,
                17,
                60
            ]
        ],
        "Solution Cost: ": 1185.0,
        "Used Vehicles: ": 7,
        "Primal Integral: ": 71.75557423068292,
        "Primal Gap: ": 0.11299578059071738
    },
    "DIDP_No_Resource": {
        "Path: ": [
            [
                90,
                69,
                98,
                88,
                53,
                78,
                73,
                79,
                7,
                6,
                8,
                46,
                4,
                3,
                1,
                70,
                100,
                55,
                68
            ],
            [
                65,
                82,
                99,
                52,
                57,
                22,
                21,
                18,
                19,
                49,
                20,
                51,
                85,
                84,
                56,
                91,
                80
            ],
            [
                92,
                95,
                62,
                67,
                71,
                72,
                41,
                38,
                40,
                44,
                61,
                81,
                54,
                94,
                93,
                96
            ],
            [
                83,
                86,
                87,
                9,
                11,
                12,
                16,
                17,
                10,
                13,
                97,
                74,
                58,
                77,
                25,
                48,
                24
            ],
            [
                64,
                63,
                33,
                30,
                31,
                29,
                27,
                28,
                26,
                32,
                34,
                50,
                66
            ],
            [
                2,
                45,
                5,
                42,
                39,
                36,
                35,
                37,
                43,
                60
            ],
            [
                14,
                47,
                15,
                59,
                75,
                23,
                76,
                89
            ]
        ],
        "Solution Cost: ": 1206.7,
        "Used Vehicles: ": 7,
        "Primal Integral: ": 81.76762931237825,
        "Primal Gap: ": 0.12894671417916642
    },
    "DIDP_No_Bound": {
        "Path: ": [
            [
                69,
                98,
                11,
                15,
                16,
                47,
                14,
                12,
                78,
                73,
                79,
                7,
                6,
                8,
                46,
                4,
                3,
                1,
                70,
                100,
                55,
                68
            ],
            [
                90,
                82,
                99,
                52,
                57,
                22,
                19,
                49,
                20,
                51,
                85,
                84,
                56,
                91,
                80
            ],
            [
                92,
                95,
                62,
                67,
                94,
                71,
                93,
                96
            ],
            [
                81,
                61,
                41,
                38,
                40,
                44,
                43,
                35,
                37,
                54
            ],
            [
                88,
                53,
                10,
                9,
                87,
                86,
                74,
                97,
                58,
                77,
                25,
                48,
                24
            ],
            [
                64,
                63,
                33,
                30,
                31,
                29,
                27,
                28,
                26,
                32,
                34,
                50,
                66
            ],
            [
                72,
                36,
                39,
                42,
                5,
                45,
                2,
                60,
                17,
                13
            ],
            [
                65,
                83,
                59,
                75,
                23,
                21,
                18,
                76,
                89
            ]
        ],
        "Solution Cost: ": 1198.7,
        "Used Vehicles: ": 8,
        "Primal Integral: ": 77.62421655067594,
        "Primal Gap: ": 0.12313339451072006
    },