{
    "DIDP_Complete": {
        "Path: ": [
            [
                90,
                82,
                99,
                52,
                57,
                83,
                66,
                56,
                95,
                91,
                80
            ],
            [
                69,
                98,
                88,
                78,
                73,
                79,
                7,
                6,
                8,
                46,
                5,
                3,
                1,
                4,
                2,
                55,
                68
            ],
            [
                92,
                94,
                67,
                62,
                50,
                85,
                51,
                76,
                18,
                48,
                21,
                49,
                22,
                20,
                24,
                25,
                77,
                58,
                75,
                59
            ],
            [
                81,
                61,
                41,
                40,
                43,
                35,
                37,
                72,
                54,
                93,
                96
            ],
            [
                65,
                12,
                14,
                47,
                16,
                15,
                11,
                9,
                10,
                13,
                17,
                60,
                100,
                70
            ],
            [
                63,
                33,
                34,
                31,
                29,
                27,
                26,
                28,
                30,
                32,
                89
            ],
            [
                42,
                39,
                36,
                38,
                44,
                71,
                84
            ],
            [
                64,
                19,
                23,
                86,
                87,
                97,
                74
            ],
            [
                45,
                53
            ]
        ],
        "Solution Cost: ": 1270.9,
        "Used Vehicles: ": 9,
        "Primal Integral: ": 102.34303118225324,
        "Primal Gap: ": 0.1405303328349989
    },
    "DIDP_No_Resource": {
        "Path: ": [
            [
                69,
                98,
                88,
                53,
                82,
                99,
                52,
                57,
                83,
                66,
                91,
                56,
                95,
                94,
                93,
                96,
                80
            ],
            [
                81,
                61,
                2,
                6,
                7,
                8,
                46,
                4,
                5,
                3,
                1,
                70,
                100
            ],
            [
                90
            ],
            [
                65,
                64,
                84,
                85,
                51,
                49,
                22,
                20,
                24,
                48,
                21,
                25,
                77,
                58,
                75,
                59
            ],
            [
                92,
                50,
                34,
                31,
                29,
                27,
                26,
                28,
                30,
                62,
                67,
                71,
                72,
                41,
                38,
                40,
                35,
                37,
                43,
                68
            ],
            [
                14,
                47,
                16,
                15,
                11,
                12,
                78,
                73,
                79,
                60,
                55
            ],
            [
                63,
                76,
                23,
                18,
                19,
                86,
                87,
                9,
                10,
                97,
                74,
                13,
                17
            ],
            [
                45,
                42,
                39,
                36,
                44,
                54
            ],
            [
                33,
                32,
                89
            ]
        ],
        "Solution Cost: ": 1306.8,
        "Used Vehicles: ": 9,
        "Primal Integral: ": 106.38629232667623,
        "Primal Gap: ": 0.16414141414141414
    },
    "DIDP_No_Bound": {
        "Path: ": [
            [
                69,
                98,
                88,
                2,
                6,
                7,
                8,
                46,
                4,
                5,
                3,
                1,
                70,
                100
            ],
            [
                90,
                82,
                99,
                52,
                86,
                57,
                22,
                21,
                48,
                49,
                20,
                83,
                66,
                56,
                94,
                93,
                96,
                80
            ],
            [
                91,
                92,
                95,
                50,
                34,
                31,
                29,
                27,
                26,
                28,
                30,
                62,
                67,
                71,
                72,
                41,
                38,
                40,
                43,
                35,
                37,
                54,
                68
            ],
            [
                12,
                14,
                47,
                16,
                15,
                11,
                9,
                87,
                59,
                97,
                10,
                13,
                17,
                60
            ],
            [
                65,
                64,
                19,
                23,
                18,
                76,
                85,
                84,
                51,
                24,
                74,
                58,
                75,
                77,
                25
            ],
            [
                42,
                39,
                36,
                44,
                61,
                81
            ],
            [
                45,
                79,
                73,
                78,
                53,
                55
            ],
            [
                63,
                33,
                32,
                89
            ]
        ],
        "Solution Cost: ": 1254.6,
        "Used Vehicles: ": 8,
        "Primal Integral: ": 91.59215204856767,
        "Primal Gap: ": 0.12936394069823048
    },