{
    "DIDP_Complete": {
        "Path: ": [
            [
                90,
                65,
                66,
                64,
                56,
                84,
                62,
                50,
                67,
                92,
                91,
                80
            ],
            [
                69,
                98,
                88,
                53,
                82,
                99,
                52,
                57,
                86,
                74,
                87,
                9,
                10,
                11,
                13,
                15,
                17,
                78,
                60,
                55,
                100,
                70,
                68
            ],
            [
                81,
                61,
                42,
                44,
                40,
                36,
                35,
                37,
                38,
                39,
                43,
                41,
                54,
                93,
                96
            ],
            [
                12,
                14,
                47,
                73,
                79,
                7,
                8,
                5,
                3,
                1,
                45,
                4,
                46,
                6
            ],
            [
                83,
                51,
                63,
                85,
                76,
                18,
                21,
                23,
                19,
                49,
                20,
                22,
                24
            ],
            [
                95,
                31,
                29,
                30,
                28,
                26,
                27,
                34,
                32,
                33,
                89,
                48,
                25,
                77,
                58
            ],
            [
                72,
                71,
                94
            ],
            [
                2,
                16,
                59,
                75,
                97
            ]
        ],
        "Solution Cost: ": 1147.5,
        "Used Vehicles: ": 8,
        "Primal Integral: ": 104.46608803274371,
        "Primal Gap: ": 0.16087145969498912
    },
    "DIDP_No_Resource": {
        "Path: ": [
            [
                90,
                65,
                66,
                56,
                84,
                62,
                67,
                94,
                93,
                96,
                92,
                91,
                80
            ],
            [
                69,
                98,
                53,
                82,
                99,
                52,
                57,
                86,
                74,
                59,
                87,
                9,
                10,
                11,
                15,
                17,
                78,
                60,
                55,
                100,
                70,
                68
            ],
            [
                81,
                61,
                42,
                44,
                40,
                36,
                35,
                37,
                38,
                39,
                41,
                54
            ],
            [
                83,
                64,
                51,
                63,
                85,
                76,
                18,
                21,
                23,
                19,
                49,
                20,
                22,
                24,
                48,
                25,
                77,
                58
            ],
            [
                88,
                2,
                6,
                7,
                8,
                5,
                3,
                1,
                45,
                46,
                4
            ],
            [
                95,
                31,
                29,
                30,
                28,
                26,
                27,
                34,
                32,
                33,
                89,
                50
            ],
            [
                79,
                73,
                12,
                14,
                47,
                16,
                75,
                97,
                13
            ],
            [
                71,
                72,
                43
            ]
        ],
        "Solution Cost: ": 1138.6,
        "Used Vehicles: ": 8,
        "Primal Integral: ": 105.58648975649157,
        "Primal Gap: ": 0.15431231336729312
    },
    "DIDP_No_Bound": {
        "Path: ": [
            [
                69,
                98,
                88,
                53,
                12,
                14,
                47,
                17,
                16,
                15,
                13,
                9,
                11,
                10,
                78,
                79,
                8,
                46,
                45,
                3,
                1,
                4,
                6,
                70,
                100,
                55,
                68
            ],
            [
                90,
                65,
                66,
                64,
                56,
                92,
                94,
                93,
                54,
                96,
                91,
                80
            ],
            [
                82,
                99,
                52,
                83,
                22,
                19,
                18,
                21,
                23,
                25,
                77,
                58,
                59,
                87,
                86,
                74,
                57,
                20,
                49,
                24
            ],
            [
                81,
                61,
                42,
                44,
                40,
                36,
                35,
                37,
                38,
                39,
                43,
                41
            ],
            [
                95,
                62,
                33,
                30,
                31,
                29,
                27,
                28,
                26,
                32,
                34,
                50
            ],
            [
                72,
                71,
                67,
                84,
                85,
                63,
                51,
                76,
                89,
                48
            ],
            [
                2,
                5,
                7,
                73,
                75,
                97,
                60
            ]
        ],
        "Solution Cost: ": 1125.8,
        "Used Vehicles: ": 7,
        "Primal Integral: ": 97.67065811984259,
        "Primal Gap: ": 0.14469710428139987
    },