{
    "DIDP_Complete": {
        "Path: ": [
            [
                90,
                69,
                98,
                53,
                82,
                99,
                52,
                57,
                83,
                65,
                66,
                64,
                56,
                95,
                62,
                67,
                93,
                96,
                94,
                92,
                91,
                80
            ],
            [
                68,
                61,
                70,
                100,
                55,
                88,
                60,
                78,
                17,
                47,
                14,
                10,
                9,
                13,
                97,
                59,
                58,
                77,
                25,
                48,
                20
            ],
            [
                81,
                72,
                41,
                39,
                38,
                37,
                35,
                36,
                40,
                43,
                44,
                42,
                1,
                3,
                5,
                45,
                4,
                46,
                8,
                6
            ],
            [
                84,
                85,
                63,
                76,
                89,
                33,
                32,
                30,
                28,
                26,
                27,
                29,
                31,
                34,
                50,
                51,
                49,
                22,
                24
            ],
            [
                2,
                7,
                79,
                73,
                12,
                11,
                15,
                16,
                87,
                75,
                74,
                86,
                23,
                21,
                18,
                19
            ],
            [
                71,
                54
            ]
        ],
        "Solution Cost: ": 1015.9,
        "Used Vehicles: ": 6,
        "Primal Integral: ": 143.54980730101266,
        "Primal Gap: ": 0.2360468550054139
    },
    "DIDP_No_Resource": {
        "Path: ": [
            [
                90,
                65,
                66,
                83,
                64,
                56,
                95,
                84,
                62,
                67,
                93,
                94,
                92,
                91,
                80
            ],
            [
                69,
                98,
                88,
                60,
                78,
                73,
                79,
                7,
                6,
                2,
                8,
                46,
                4,
                45,
                5,
                3,
                1,
                70,
                100,
                55
            ],
            [
                81,
                96,
                54,
                72,
                41,
                39,
                38,
                37,
                35,
                36,
                40,
                43,
                68
            ],
            [
                82,
                99,
                52,
                57,
                24,
                22,
                20,
                49,
                19,
                18,
                48,
                21,
                23,
                25,
                77,
                58,
                59,
                97,
                13,
                9,
                10,
                14
            ],
            [
                61,
                44,
                42,
                71,
                50,
                34,
                31,
                29,
                27,
                26,
                28,
                30,
                32,
                33,
                76,
                89,
                63,
                85,
                51
            ],
            [
                53,
                12,
                47,
                17,
                16,
                15,
                11,
                87,
                75,
                74,
                86
            ]
        ],
        "Solution Cost: ": 919.0,
        "Used Vehicles: ": 6,
        "Primal Integral: ": 96.2597347581776,
        "Primal Gap: ": 0.15549510337323175
    },
    "DIDP_No_Bound": {
        "Path: ": [
            [
                90,
                69,
                98,
                53,
                12,
                14,
                47,
                17,
                16,
                15,
                13,
                11,
                10,
                9,
                87,
                59,
                74,
                86,
                57,
                24,
                22,
                49,
                20,
                56,
                91,
                80
            ],
            [
                55,
                100,
                2,
                6,
                7,
                8,
                46,
                4,
                45,
                5,
                3,
                1,
                70,
                68
            ],
            [
                81,
                61,
                42,
                44,
                43,
                40,
                36,
                35,
                37,
                38,
                39,
                41,
                72,
                54,
                96,
                93,
                94
            ],
            [
                65,
                82,
                99,
                52,
                83,
                64,
                95,
                67,
                62,
                50,
                34,
                31,
                29,
                27,
                26,
                28,
                30,
                32,
                33,
                89,
                51,
                66
            ],
            [
                92,
                84,
                85,
                63,
                76,
                19,
                23,
                21,
                18,
                48,
                25,
                77,
                58,
                75,
                97,
                73,
                79,
                78,
                60
            ],
            [
                71,
                88
            ]
        ],
        "Solution Cost: ": 928.9,
        "Used Vehicles: ": 6,
        "Primal Integral: ": 106.85777953307944,
        "Primal Gap: ": 0.16449564000430614
    },