{
    "DIDP_Complete": {
        "Path: ": [
            [
                90,
                65,
                66,
                83,
                64,
                56,
                95,
                94,
                96,
                54,
                81,
                61,
                68,
                69,
                98,
                88,
                60,
                78,
                73,
                79,
                7,
                6,
                8,
                46,
                4,
                45,
                5,
                3,
                1,
                2,
                100,
                70
            ],
            [
                80,
                91,
                92,
                67,
                62,
                50,
                34,
                31,
                29,
                27,
                26,
                28,
                30,
                32,
                33,
                63,
                85,
                84,
                51,
                20,
                22,
                24,
                49,
                19,
                18,
                48,
                21,
                25,
                77,
                58,
                59,
                86,
                52,
                82
            ],
            [
                93,
                71,
                72,
                41,
                42,
                44,
                43,
                40,
                36,
                35,
                37,
                38,
                39,
                53,
                12,
                14,
                47,
                17,
                16,
                9,
                13,
                10,
                55
            ],
            [
                11,
                15,
                97,
                75,
                23,
                89,
                76,
                99,
                87,
                74,
                57
            ]
        ],
        "Solution Cost: ": 949.7,
        "Used Vehicles: ": 4,
        "Primal Integral: ": 107.96351637663241,
        "Primal Gap: ": 0.17500263241023484
    },
    "DIDP_No_Resource": {
        "Path: ": [
            [],
            [
                90,
                65,
                66,
                83,
                64,
                56,
                95,
                94,
                93,
                96,
                81,
                61,
                68,
                69,
                98,
                88,
                60,
                78,
                73,
                79,
                7,
                6,
                8,
                46,
                4,
                45,
                5,
                3,
                1,
                2,
                100,
                70
            ],
            [
                80,
                91,
                92,
                67,
                62,
                50,
                34,
                31,
                29,
                27,
                26,
                28,
                30,
                32,
                33,
                63,
                85,
                84,
                51,
                20,
                22,
                24,
                49,
                19,
                18,
                48,
                21,
                25,
                77,
                58,
                86,
                57,
                52,
                82
            ],
            [
                54,
                72,
                41,
                42,
                44,
                43,
                40,
                36,
                35,
                37,
                38,
                39,
                71
            ],
            [
                12,
                14,
                47,
                17,
                16,
                15,
                11,
                9,
                87,
                74,
                59,
                75,
                97,
                13,
                10
            ],
            [
                89,
                76,
                23,
                99,
                53,
                55
            ]
        ],
        "Solution Cost: ": 935.2,
        "Used Vehicles: ": 6,
        "Primal Integral: ": 116.77744046152574,
        "Primal Gap: ": 0.16221129170230972
    },
    "DIDP_No_Bound": {
        "Path: ": [
            [
                69,
                98,
                12,
                14,
                47,
                17,
                16,
                15,
                11,
                10,
                9,
                87,
                59,
                74,
                86,
                52,
                57,
                24,
                22,
                49,
                19,
                18,
                48,
                21,
                25,
                20,
                64,
                83,
                66,
                65,
                90
            ],
            [
                80,
                91,
                92,
                94,
                93,
                71,
                72,
                41,
                42,
                44,
                39,
                38,
                37,
                35,
                36,
                40,
                43,
                1,
                3,
                5,
                45,
                8,
                46,
                4,
                7,
                6,
                2,
                100,
                70,
                61,
                68
            ],
            [
                81,
                54,
                96,
                67,
                62,
                50,
                34,
                31,
                29,
                27,
                26,
                28,
                30,
                32,
                33,
                63,
                85,
                84,
                95
            ],
            [
                82,
                53,
                78,
                73,
                79,
                60,
                88,
                55
            ],
            [
                56,
                51,
                89,
                76,
                23,
                99,
                13,
                97,
                75,
                58,
                77
            ]
        ],
        "Solution Cost: ": 891.6,
        "Used Vehicles: ": 5,
        "Primal Integral: ": 82.6737549639027,
        "Primal Gap: ": 0.12124270973530733
    },