{
    "DIDP_Complete": {
        "Path: ": [
            [
                90,
                69,
                98,
                88,
                55,
                68,
                61,
                81,
                96,
                54,
                72,
                71,
                93,
                94,
                80
            ],
            [
                82,
                65,
                66,
                83,
                57,
                52,
                86,
                74,
                59,
                97,
                75,
                58,
                77,
                25,
                21,
                48,
                18,
                19,
                20,
                24
            ],
            [
                91,
                92,
                95,
                62,
                50,
                34,
                31,
                29,
                27,
                26,
                28,
                30,
                32,
                89,
                76,
                63,
                85,
                51,
                84,
                56
            ],
            [
                53,
                78,
                73,
                79,
                7,
                6,
                8,
                46,
                4,
                5,
                3,
                1,
                2,
                100,
                70
            ],
            [
                99,
                9,
                13,
                16,
                17,
                47,
                14,
                12
            ],
            [
                42,
                39,
                36,
                43,
                44,
                41,
                38,
                40,
                35,
                37
            ],
            [
                64,
                23,
                49,
                22
            ],
            [
                45,
                60,
                11,
                15,
                87,
                10
            ],
            [
                33,
                67
            ]
        ],
        "Solution Cost: ": 1183.4,
        "Used Vehicles: ": 9,
        "Primal Integral: ": 135.8000862629069,
        "Primal Gap: ": 0.21945242521548083
    },
    "DIDP_No_Resource": {
        "Path: ": [
            [],
            [
                90,
                65,
                83,
                57,
                52,
                99,
                82,
                98,
                88,
                55,
                68,
                61,
                81,
                96,
                54,
                72,
                71,
                93,
                94,
                80
            ],
            [
                91,
                92,
                95,
                67,
                62,
                84,
                85,
                63,
                51,
                20,
                22,
                24,
                49,
                19,
                18,
                48,
                21,
                25,
                77,
                58,
                75,
                97,
                59,
                86
            ],
            [
                69,
                53,
                78,
                73,
                79,
                7,
                6,
                8,
                46,
                5,
                3,
                1,
                4,
                2,
                60,
                14,
                47,
                17,
                16,
                13,
                12,
                100,
                70
            ],
            [
                50,
                34,
                31,
                29,
                27,
                26,
                28,
                33,
                30,
                32,
                89,
                76,
                56,
                66
            ],
            [
                42,
                39,
                36,
                43,
                44,
                41,
                38,
                40,
                35,
                37
            ],
            [
                45,
                15,
                11,
                9,
                10
            ],
            [
                64,
                23,
                87,
                74
            ]
        ],
        "Solution Cost: ": 1135.8,
        "Used Vehicles: ": 8,
        "Primal Integral: ": 128.12415023623478,
        "Primal Gap: ": 0.18674062334918112
    },
    "DIDP_No_Bound": {
        "Path: ": [
            [
                90,
                65,
                82,
                99,
                52,
                57,
                24,
                22,
                20,
                49,
                19,
                21,
                48,
                18,
                51,
                63,
                85,
                95,
                56,
                91,
                80,
                94,
                93,
                96,
                54,
                81
            ],
            [
                69,
                98,
                88,
                2,
                1,
                3,
                5,
                46,
                8,
                7,
                6,
                79,
                73,
                78,
                60,
                53,
                10,
                12,
                14,
                47,
                17,
                16,
                13,
                97,
                59,
                86,
                83
            ],
            [
                92,
                50,
                34,
                31,
                29,
                27,
                26,
                28,
                33,
                32,
                30,
                62,
                67
            ],
            [
                71,
                72,
                37,
                36,
                39,
                42,
                44,
                41,
                38,
                40,
                35,
                43,
                61,
                68,
                70,
                100
            ],
            [
                11,
                15,
                9,
                87,
                74,
                58,
                75,
                77,
                25
            ],
            [
                64,
                23,
                89,
                76,
                84,
                66
            ],
            [
                45,
                4,
                55
            ]
        ],
        "Solution Cost: ": 1100.6,
        "Used Vehicles: ": 7,
        "Primal Integral: ": 109.03551424883304,
        "Primal Gap: ": 0.16073051063056504
    },