{
    "DIDP_Complete": {
        "Path: ": [
            [
                90,
                82,
                99,
                52,
                57,
                83,
                66,
                56,
                95,
                91,
                80
            ],
            [
                69,
                98,
                88,
                78,
                73,
                79,
                7,
                6,
                8,
                46,
                5,
                3,
                1,
                4,
                2,
                55,
                68
            ],
            [
                92,
                94,
                67,
                62,
                50,
                85,
                51,
                76,
                18,
                48,
                21,
                49,
                22,
                20,
                24,
                25,
                77,
                58,
                75,
                59
            ],
            [
                81,
                61,
                41,
                40,
                43,
                35,
                37,
                72,
                54,
                93,
                96
            ],
            [
                65,
                12,
                14,
                47,
                16,
                15,
                11,
                9,
                10,
                13,
                17,
                60,
                100,
                70
            ],
            [
                63,
                33,
                34,
                31,
                29,
                27,
                26,
                28,
                30,
                32,
                89
            ],
            [
                42,
                39,
                36,
                38,
                44,
                71,
                84
            ],
            [
                64,
                19,
                23,
                86,
                87,
                97,
                74
            ],
            [
                45,
                53
            ]
        ],
        "Solution Cost: ": 1270.9,
        "Used Vehicles: ": 9,
        "Primal Integral: ": 99.66412263284974,
        "Primal Gap: ": 0.1405303328349989
    },
    "DIDP_No_Resource": {
        "Path: ": [
            [],
            [
                90,
                82,
                99,
                52,
                57,
                83,
                66,
                56,
                95,
                94,
                93,
                96,
                80
            ],
            [
                69,
                98,
                88,
                53,
                78,
                79,
                7,
                6,
                8,
                46,
                5,
                3,
                1,
                4,
                2,
                55,
                68
            ],
            [
                91,
                92,
                67,
                62,
                50,
                85,
                51,
                76,
                18,
                48,
                21,
                49,
                22,
                20,
                24,
                25,
                77,
                58,
                75,
                59
            ],
            [
                65,
                12,
                14,
                47,
                16,
                15,
                11,
                9,
                10,
                13,
                17,
                60,
                100,
                70
            ],
            [
                81,
                61,
                41,
                40,
                35,
                37,
                72,
                54
            ],
            [
                63,
                33,
                34,
                31,
                29,
                27,
                26,
                28,
                30,
                32,
                89
            ],
            [
                42,
                39,
                36,
                38,
                44,
                43
            ],
            [
                71,
                64,
                23,
                19,
                84
            ],
            [
                45,
                73,
                86,
                87,
                97,
                74
            ]
        ],
        "Solution Cost: ": 1309.4,
        "Used Vehicles: ": 10,
        "Primal Integral: ": 114.509834123423,
        "Primal Gap: ": 0.16580113028868193
    },
    "DIDP_No_Bound": {
        "Path: ": [
            [
                69,
                98,
                88,
                2,
                6,
                7,
                8,
                46,
                4,
                5,
                3,
                1,
                70,
                100
            ],
            [
                91,
                92,
                95,
                62,
                50,
                31,
                29,
                27,
                26,
                28,
                30,
                32,
                34,
                93,
                94,
                96,
                80
            ],
            [
                90,
                99,
                52,
                86,
                57,
                22,
                49,
                20,
                66
            ],
            [
                65,
                82,
                12,
                14,
                47,
                16,
                15,
                11,
                9,
                87,
                59,
                97,
                75,
                58,
                77,
                25,
                21,
                48,
                83
            ],
            [
                42,
                39,
                37,
                36,
                44,
                41,
                38,
                40,
                43,
                35,
                72,
                54,
                68
            ],
            [
                64,
                19,
                23,
                18,
                76,
                51,
                85,
                84,
                56
            ],
            [
                45,
                79,
                73,
                78,
                60,
                55
            ],
            [
                61,
                53,
                10,
                17,
                13,
                74,
                24,
                89
            ],
            [
                63,
                33,
                67,
                71,
                81
            ]
        ],
        "Solution Cost: ": 1246.8,
        "Used Vehicles: ": 9,
        "Primal Integral: ": 89.19914890321797,
        "Primal Gap: ": 0.1239172281039461
    },