{
    "DIDP_Complete": {
        "Path: ": [
            [
                90,
                65,
                83,
                57,
                52,
                99,
                82,
                98,
                88,
                60,
                78,
                73,
                79,
                7,
                6,
                8,
                46,
                4,
                5,
                3,
                1,
                2,
                100,
                70,
                61,
                81,
                54,
                96,
                94,
                80
            ],
            [
                91,
                92,
                95,
                67,
                62,
                84,
                51,
                20,
                22,
                24,
                49,
                19,
                18,
                48,
                21,
                25,
                77,
                58,
                75,
                97,
                59,
                86
            ],
            [
                39,
                42,
                44,
                43,
                40,
                37,
                38,
                41,
                72,
                71,
                34,
                31,
                29,
                26,
                28,
                32,
                50,
                56,
                66
            ],
            [
                69,
                11,
                15,
                16,
                14,
                12,
                53,
                55,
                68
            ],
            [
                64,
                85,
                63,
                89,
                76,
                23,
                87,
                9,
                10,
                47,
                17,
                13,
                74
            ],
            [
                33,
                30,
                27,
                93
            ],
            [
                45,
                36,
                35
            ]
        ],
        "Solution Cost: ": 1182.6,
        "Used Vehicles: ": 7,
        "Primal Integral: ": 137.63784111893,
        "Primal Gap: ": 0.2189244038559106
    },
    "DIDP_No_Resource": {
        "Path: ": [
            [],
            [
                90,
                65,
                83,
                57,
                52,
                99,
                82,
                98,
                88,
                60,
                78,
                73,
                79,
                7,
                6,
                8,
                46,
                5,
                3,
                1,
                4,
                2,
                55,
                68,
                61,
                81,
                96,
                54,
                72,
                71,
                93,
                94,
                80
            ],
            [
                91,
                92,
                95,
                84,
                85,
                63,
                51,
                20,
                22,
                24,
                49,
                19,
                18,
                48,
                21,
                25,
                77,
                58,
                75,
                97,
                59,
                86
            ],
            [
                69,
                53,
                9,
                13,
                16,
                17,
                47,
                14,
                12
            ],
            [
                50,
                34,
                31,
                29,
                27,
                26,
                28,
                33,
                32,
                30,
                62,
                67,
                56,
                66,
                100,
                70
            ],
            [
                42,
                39,
                37,
                36,
                43,
                44,
                41,
                38,
                40,
                35
            ],
            [
                64,
                89,
                76,
                23,
                87,
                74
            ],
            [
                45,
                15,
                11,
                10
            ]
        ],
        "Solution Cost: ": 1144.1,
        "Used Vehicles: ": 8,
        "Primal Integral: ": 133.00415154726193,
        "Primal Gap: ": 0.1926405034524953
    },
    "DIDP_No_Bound": {
        "Path: ": [
            [
                90,
                65,
                82,
                99,
                52,
                57,
                24,
                22,
                20,
                49,
                19,
                21,
                48,
                18,
                51,
                63,
                85,
                95,
                56,
                91,
                80,
                94,
                93,
                96,
                54,
                81
            ],
            [
                69,
                98,
                88,
                2,
                1,
                3,
                5,
                46,
                8,
                6,
                7,
                79,
                73,
                78,
                53,
                10,
                13,
                16,
                17,
                47,
                14,
                12,
                60,
                100,
                70,
                61
            ],
            [
                92,
                50,
                34,
                31,
                29,
                27,
                26,
                28,
                33,
                32,
                30,
                62,
                67,
                71,
                72,
                41,
                38,
                40,
                35,
                37,
                43,
                68
            ],
            [
                11,
                15,
                9,
                87,
                86,
                74,
                59,
                97,
                75,
                58,
                77,
                25,
                83
            ],
            [
                42,
                39,
                36,
                44,
                64,
                23,
                89,
                76,
                84,
                66
            ],
            [
                45,
                4,
                55
            ]
        ],
        "Solution Cost: ": 1100.8,
        "Used Vehicles: ": 6,
        "Primal Integral: ": 108.48744721873503,
        "Primal Gap: ": 0.16088299418604643
    },