{
    "DIDP_Complete": {
        "Path: ": [
            [
                93,
                5,
                75,
                2,
                1,
                99,
                100,
                97,
                92,
                94,
                95,
                98,
                7,
                3,
                4,
                89,
                91,
                88,
                84,
                86,
                83,
                82,
                85,
                76,
                71,
                70,
                73,
                80,
                79,
                81,
                78,
                77,
                87,
                96
            ],
            [
                67,
                63,
                62,
                66,
                69,
                68,
                65,
                49,
                55,
                54,
                53,
                56,
                58,
                60,
                59,
                57,
                40,
                44,
                46,
                45,
                51,
                50,
                52,
                47,
                42,
                41,
                43,
                48
            ],
            [
                20,
                22,
                24,
                27,
                30,
                29,
                6,
                32,
                33,
                31,
                35,
                37,
                38,
                39,
                36,
                34,
                28,
                26,
                23,
                18,
                19,
                16,
                14,
                12,
                15,
                17,
                13,
                25,
                9,
                11,
                10,
                8,
                21
            ],
            [
                90,
                74,
                72,
                61,
                64
            ]
        ],
        "Solution Cost: ": 640.0,
        "Used Vehicles: ": 4,
        "Primal Integral: ": 52.364812081119005,
        "Primal Gap: ": 0.08015624999999993
    },
    "DIDP_No_Resource": {
        "Path: ": [
            [],
            [
                93,
                5,
                75,
                2,
                1,
                99,
                100,
                97,
                92,
                94,
                95,
                98,
                7,
                3,
                4,
                89,
                91,
                88,
                84,
                86,
                83,
                82,
                85,
                76,
                71,
                70,
                73,
                80,
                79,
                81,
                78,
                77,
                87,
                96
            ],
            [
                67,
                63,
                62,
                74,
                72,
                61,
                64,
                66,
                69,
                68,
                65,
                49,
                55,
                54,
                53,
                56,
                58,
                60,
                59,
                57,
                40,
                44,
                46,
                45,
                51,
                50,
                52,
                47,
                42,
                41,
                43,
                48
            ],
            [
                20,
                22,
                24,
                27,
                30,
                29,
                6,
                32,
                33,
                31,
                35,
                37,
                38,
                39,
                36,
                34,
                28,
                26,
                23,
                18,
                19,
                16,
                14,
                12,
                15,
                17,
                13,
                25,
                9,
                11,
                10,
                8,
                21,
                90
            ]
        ],
        "Solution Cost: ": 620.7,
        "Used Vehicles: ": 4,
        "Primal Integral: ": 42.9286982075762,
        "Primal Gap: ": 0.05155469631061704
    },
    "DIDP_No_Bound": {
        "Path: ": [
            [
                67,
                63,
                62,
                74,
                72,
                61,
                64,
                66,
                69,
                68,
                65,
                49,
                55,
                54,
                53,
                56,
                58,
                60,
                59,
                57,
                40,
                44,
                46,
                45,
                51,
                50,
                52,
                47,
                42,
                41,
                43,
                48
            ],
            [
                20,
                22,
                24,
                27,
                30,
                29,
                6,
                32,
                33,
                31,
                35,
                37,
                38,
                39,
                36,
                34,
                28,
                26,
                23,
                18,
                19,
                16,
                14,
                12,
                15,
                17,
                13,
                25,
                9,
                11,
                10,
                8,
                21
            ],
            [
                93,
                75,
                2,
                1,
                99,
                100,
                97,
                92,
                94,
                95,
                98,
                7,
                3,
                4,
                89,
                91,
                88,
                86,
                84,
                83,
                82,
                85,
                76,
                71,
                70,
                73,
                80,
                79,
                81,
                78,
                77,
                96,
                87,
                90
            ],
            [
                5
            ]
        ],
        "Solution Cost: ": 616.4,
        "Used Vehicles: ": 4,
        "Primal Integral: ": 32.976267584651055,
        "Primal Gap: ": 0.04493835171966245
    },