{
    "DIDP_Complete": {
        "Path: ": [
            [
                93,
                5,
                75,
                2,
                1,
                99,
                100,
                97,
                92,
                94,
                95,
                98,
                7,
                3,
                4,
                89,
                91,
                88,
                84,
                86,
                83,
                82,
                85,
                76,
                71,
                70,
                73,
                79,
                81,
                78,
                77,
                87,
                96
            ],
            [
                20,
                22,
                24,
                27,
                30,
                29,
                6,
                32,
                33,
                31,
                35,
                37,
                38,
                39,
                36,
                34,
                28,
                26,
                23,
                18,
                19,
                16,
                14,
                12,
                15,
                17,
                13,
                25,
                9,
                11,
                10,
                8,
                21
            ],
            [
                67,
                66,
                69,
                68,
                65,
                49,
                55,
                54,
                53,
                56,
                58,
                60,
                59,
                57,
                40,
                44,
                46,
                41,
                42,
                45,
                51,
                50,
                52,
                47,
                43,
                48
            ],
            [
                63,
                62,
                74,
                64,
                61,
                72,
                80,
                90
            ]
        ],
        "Solution Cost: ": 677.4,
        "Used Vehicles: ": 4,
        "Primal Integral: ": 102.94077353739965,
        "Primal Gap: ": 0.13182757602598164
    },
    "DIDP_No_Resource": {
        "Path: ": [
            [
                93,
                5,
                75,
                2,
                1,
                99,
                100,
                97,
                92,
                94,
                95,
                98,
                7,
                3,
                4,
                89,
                91,
                88,
                84,
                86,
                83,
                82,
                85,
                76,
                71,
                70,
                73,
                80,
                79,
                81,
                78,
                77,
                87,
                96
            ],
            [
                67,
                63,
                62,
                74,
                72,
                61,
                64,
                68,
                65,
                49,
                55,
                54,
                53,
                56,
                58,
                60,
                59,
                57,
                40,
                44,
                46,
                41,
                42,
                45,
                51,
                50,
                52,
                47,
                43,
                48,
                20,
                21
            ],
            [
                22,
                24,
                27,
                30,
                29,
                6,
                32,
                33,
                31,
                35,
                37,
                38,
                39,
                36,
                34,
                28,
                26,
                23,
                17,
                18,
                19,
                16,
                14,
                12,
                15,
                13,
                25,
                9,
                11,
                10,
                8
            ],
            [
                69,
                66,
                90
            ]
        ],
        "Solution Cost: ": 648.6,
        "Used Vehicles: ": 4,
        "Primal Integral: ": 106.7056139052634,
        "Primal Gap: ": 0.09327782917052112
    },
    "DIDP_No_Bound": {
        "Path: ": [
            [
                67,
                63,
                62,
                74,
                72,
                61,
                64,
                66,
                69,
                68,
                65,
                49,
                55,
                54,
                53,
                56,
                58,
                60,
                59,
                57,
                40,
                44,
                46,
                41,
                42,
                43,
                47,
                45,
                51,
                50,
                52,
                24,
                27,
                22,
                20
            ],
            [
                93,
                5,
                75,
                2,
                1,
                99,
                100,
                97,
                92,
                94,
                95,
                98,
                7,
                3,
                4,
                89,
                91,
                88,
                84,
                86,
                83,
                82,
                85,
                76,
                71,
                70,
                73,
                80,
                79,
                81,
                78,
                77,
                87
            ],
            [
                21,
                30,
                29,
                6,
                32,
                33,
                31,
                35,
                37,
                38,
                39,
                36,
                34,
                28,
                26,
                23,
                17,
                18,
                19,
                16,
                14,
                12,
                15,
                13,
                25,
                9,
                11,
                10,
                8,
                90,
                96,
                48
            ]
        ],
        "Solution Cost: ": 652.5,
        "Used Vehicles: ": 3,
        "Primal Integral: ": 110.56334879627066,
        "Primal Gap: ": 0.09869731800766281
    },