{
    "DIDP_Complete": {
        "Path: ": [
            [
                93,
                5,
                75,
                2,
                1,
                99,
                100,
                97,
                92,
                94,
                95,
                98,
                7,
                3,
                4,
                89,
                91,
                88,
                86,
                84,
                83,
                82,
                85,
                76,
                71,
                70,
                73,
                79,
                81,
                78,
                77,
                87,
                96
            ],
            [
                67,
                63,
                62,
                74,
                72,
                61,
                64,
                68,
                65,
                49,
                55,
                54,
                53,
                56,
                58,
                60,
                59,
                57,
                40,
                44,
                46,
                45,
                51,
                50,
                52,
                47,
                42,
                41,
                43,
                48
            ],
            [
                20,
                22,
                24,
                27,
                30,
                29,
                6,
                32,
                33,
                31,
                35,
                37,
                38,
                39,
                36,
                34,
                28,
                26,
                23,
                17,
                18,
                19,
                16,
                14,
                12,
                15,
                13,
                25,
                9,
                11,
                10,
                8,
                21
            ],
            [
                69,
                66,
                80,
                90
            ]
        ],
        "Solution Cost: ": 679.7,
        "Used Vehicles: ": 4,
        "Primal Integral: ": 87.47351605952738,
        "Primal Gap: ": 0.13814918346329275
    },
    "DIDP_No_Resource": {
        "Path: ": [
            [],
            [
                93,
                5,
                75,
                2,
                1,
                99,
                100,
                97,
                92,
                94,
                95,
                98,
                7,
                3,
                4,
                89,
                91,
                88,
                86,
                84,
                83,
                82,
                85,
                76,
                71,
                70,
                73,
                80,
                79,
                81,
                78,
                77,
                87,
                96
            ],
            [
                67,
                63,
                62,
                74,
                72,
                61,
                64,
                66,
                69,
                68,
                65,
                49,
                55,
                54,
                53,
                56,
                58,
                60,
                59,
                57,
                40,
                44,
                46,
                45,
                51,
                50,
                52,
                47,
                42,
                41,
                43,
                48
            ],
            [
                20,
                22,
                24,
                27,
                30,
                29,
                6,
                32,
                33,
                31,
                35,
                37,
                38,
                39,
                36,
                34,
                28,
                26,
                23,
                17,
                18,
                19,
                16,
                14,
                12,
                15,
                13,
                25,
                9,
                11,
                10,
                8,
                21,
                90
            ]
        ],
        "Solution Cost: ": 617.8,
        "Used Vehicles: ": 4,
        "Primal Integral: ": 41.05925063366771,
        "Primal Gap: ": 0.05179669796050502
    },
    "DIDP_No_Bound": {
        "Path: ": [
            [
                67,
                63,
                62,
                74,
                72,
                61,
                64,
                66,
                69,
                68,
                65,
                49,
                55,
                54,
                53,
                56,
                58,
                60,
                59,
                57,
                40,
                44,
                46,
                45,
                51,
                50,
                52,
                47,
                42,
                41,
                43,
                48
            ],
            [
                20,
                22,
                24,
                27,
                30,
                29,
                6,
                32,
                33,
                31,
                35,
                37,
                38,
                39,
                36,
                34,
                28,
                26,
                23,
                17,
                18,
                19,
                16,
                14,
                12,
                15,
                13,
                9,
                11,
                10,
                8
            ],
            [
                93,
                5,
                75,
                2,
                1,
                99,
                100,
                97,
                92,
                94,
                95,
                98,
                7,
                3,
                4,
                89,
                91,
                88,
                86,
                84,
                83,
                82,
                85,
                76,
                71,
                70,
                73,
                80,
                79,
                81,
                78,
                77,
                96,
                87,
                90
            ],
            [
                21,
                25
            ]
        ],
        "Solution Cost: ": 622.8,
        "Used Vehicles: ": 4,
        "Primal Integral: ": 41.864098935975875,
        "Primal Gap: ": 0.059409120102761726
    },