{
    "Bound": {
        "Path: ": [
            [
                2,
                9
            ],
            [
                5,
                13,
                12,
                11,
                15
            ],
            [
                4,
                14
            ],
            [
                1,
                10
            ],
            [
                3,
                7
            ],
            [
                16,
                6,
                17,
                8
            ]
        ],
        "Solution Cost: ": 167,
        "Optimal: ": true,
        "Time: ": 0.0154745
    },
    "No_Bound": {
        "Path: ": [
            [
                8,
                16,
                10
            ],
            [
                12,
                11,
                1,
                4
            ],
            [
                15,
                5
            ],
            [
                9,
                6
            ],
            [
                13,
                14,
                3,
                7
            ],
            [
                17,
                2
            ]
        ],
        "Solution Cost: ": 167,
        "Optimal: ": false,
        "Time: ": 300.0061632
    }
}