{
    "Bound": {
        "Path: ": [
            [
                8,
                29,
                18,
                17,
                40,
                38,
                12,
                21,
                47,
                24,
                43,
                39,
                9,
                35,
                44,
                31,
                36,
                41
            ],
            [
                19,
                22,
                10,
                34,
                46,
                42,
                11,
                45,
                6,
                3,
                27,
                7,
                37
            ],
            [
                33,
                13,
                5,
                1,
                28,
                14,
                4,
                20,
                16,
                26,
                23,
                25,
                15,
                30,
                2,
                32
            ]
        ],
        "Solution Cost: ": 496,
        "Optimal: ": false,
        "Time: ": 300.0701087
    },
    "No_Bound": {
        "Path: ": [
            [
                7,
                37,
                35,
                9,
                39,
                43,
                24,
                47,
                21,
                12,
                38,
                40,
                15,
                25,
                18,
                17,
                26,
                23,
                30,
                2
            ],
            [
                31,
                32,
                44,
                34,
                11,
                10,
                45,
                6,
                3,
                27,
                22,
                42,
                46
            ],
            [
                41,
                36,
                28,
                14,
                1,
                16,
                20,
                29,
                5,
                8,
                13,
                33,
                19,
                4
            ]
        ],
        "Solution Cost: ": 434,
        "Optimal: ": false,
        "Time: ": 300.0429728
    }
}