{
    "DIDP_Complete": {
        "Path: ": [
            [
                43,
                42,
                41,
                40,
                44,
                46,
                45,
                48,
                51,
                50,
                52,
                49,
                47
            ],
            [
                20,
                24,
                25,
                27,
                29,
                30,
                28,
                26,
                23,
                22,
                21
            ],
            [
                5,
                3,
                7,
                8,
                10,
                11,
                9,
                6,
                4,
                2,
                1,
                75
            ],
            [
                90,
                87,
                86,
                83,
                82,
                84,
                85,
                88,
                89,
                91
            ],
            [
                67,
                65,
                63,
                62,
                74,
                72,
                61,
                64,
                68,
                66,
                69
            ],
            [
                98,
                96,
                95,
                94,
                92,
                93,
                97,
                100,
                99
            ],
            [
                13,
                17,
                18,
                19,
                15,
                16,
                14,
                12
            ],
            [
                32,
                33,
                31,
                35,
                37,
                38,
                39,
                36,
                34
            ],
            [
                55,
                54,
                53,
                56,
                58,
                60,
                59,
                57
            ],
            [
                81,
                78,
                76,
                71,
                70,
                73,
                77,
                79,
                80
            ]
        ],
        "Solution Cost: ": 828.9,
        "Used Vehicles: ": 10,
        "Primal Integral: ": 14.228212924422998,
        "Primal Gap: ": 0.0031366871757751514
    },
    "DIDP_No_Resource": {
        "Path: ": [
            [],
            [
                43,
                42,
                41,
                40,
                44,
                46,
                45,
                48,
                51,
                50,
                52,
                49,
                47
            ],
            [
                20,
                24,
                25,
                27,
                29,
                30,
                28,
                26,
                23,
                22,
                21
            ],
            [
                5,
                3,
                7,
                8,
                10,
                11,
                9,
                6,
                4,
                2,
                1,
                75
            ],
            [
                67,
                65,
                63,
                62,
                74,
                72,
                61,
                64,
                68,
                66,
                69
            ],
            [
                90,
                87,
                86,
                83,
                82,
                84,
                85,
                88,
                89,
                91,
                96,
                98
            ],
            [
                13,
                17,
                18,
                19,
                15,
                16,
                14,
                12
            ],
            [
                32,
                33,
                31,
                35,
                37,
                38,
                39,
                36,
                34
            ],
            [
                57,
                55,
                54,
                53,
                56,
                58,
                60,
                59
            ],
            [
                81,
                78,
                76,
                71,
                70,
                73,
                77,
                79,
                80
            ],
            [
                95,
                94,
                92,
                93,
                97,
                100,
                99
            ]
        ],
        "Solution Cost: ": 861.8,
        "Used Vehicles: ": 11,
        "Primal Integral: ": 31.566700146802965,
        "Primal Gap: ": 0.041192852169877
    },
    "DIDP_No_Bound": {
        "Path: ": [
            [
                43,
                42,
                41,
                40,
                44,
                46,
                45,
                48,
                51,
                50,
                52,
                49,
                47
            ],
            [
                20,
                24,
                25,
                27,
                29,
                30,
                28,
                26,
                23,
                22,
                21
            ],
            [
                5,
                3,
                7,
                8,
                10,
                11,
                9,
                6,
                4,
                2,
                1,
                75
            ],
            [
                67,
                65,
                63,
                62,
                74,
                72,
                61,
                64,
                68,
                66,
                69
            ],
            [
                90,
                87,
                86,
                83,
                82,
                84,
                85,
                88,
                89,
                91
            ],
            [
                98,
                96,
                95,
                94,
                92,
                93,
                97,
                100,
                99
            ],
            [
                13,
                17,
                18,
                19,
                15,
                16,
                14,
                12
            ],
            [
                32,
                33,
                31,
                35,
                37,
                38,
                39,
                36,
                34
            ],
            [
                55,
                54,
                53,
                56,
                58,
                60,
                59,
                57
            ],
            [
                81,
                78,
                76,
                71,
                70,
                73,
                77,
                79,
                80
            ]
        ],
        "Solution Cost: ": 828.9,
        "Used Vehicles: ": 10,
        "Primal Integral: ": 11.218341179647325,
        "Primal Gap: ": 0.0031366871757751514
    },