{
    "DIDP_Complete": {
        "Path: ": [
            [
                43,
                42,
                41,
                40,
                44,
                46,
                45,
                48,
                51,
                50,
                52,
                49,
                47
            ],
            [
                20,
                24,
                25,
                27,
                29,
                30,
                28,
                26,
                23,
                22,
                21
            ],
            [
                5,
                3,
                7,
                8,
                10,
                11,
                9,
                6,
                4,
                2,
                1,
                75
            ],
            [
                67,
                65,
                63,
                62,
                74,
                72,
                61,
                64,
                68,
                66,
                69
            ],
            [
                90,
                87,
                86,
                83,
                82,
                84,
                85,
                88,
                89,
                91
            ],
            [
                34,
                36,
                39,
                38,
                37,
                35,
                31,
                33,
                32
            ],
            [
                13,
                17,
                18,
                19,
                15,
                16,
                14,
                12
            ],
            [
                98,
                96,
                95,
                94,
                92,
                93,
                97,
                100,
                99
            ],
            [
                55,
                54,
                53,
                56,
                58,
                60,
                59,
                57
            ],
            [
                81,
                78,
                76,
                71,
                70,
                73,
                77,
                79,
                80
            ]
        ],
        "Solution Cost: ": 828.9,
        "Used Vehicles: ": 10,
        "Primal Integral: ": 29.60116325808714,
        "Primal Gap: ": 0.007238508867173363
    },
    "DIDP_No_Resource": {
        "Path: ": [
            [
                43,
                42,
                41,
                40,
                44,
                45,
                46,
                48,
                51,
                50,
                52,
                49,
                47
            ],
            [
                20,
                24,
                25,
                27,
                29,
                30,
                28,
                26,
                23,
                22,
                21
            ],
            [
                67,
                65,
                63,
                62,
                74,
                72,
                61,
                64,
                68,
                66,
                69
            ],
            [
                5,
                3,
                7,
                8,
                10,
                11,
                9,
                6,
                4,
                2,
                1,
                75
            ],
            [
                90,
                87,
                86,
                83,
                82,
                84,
                85,
                89,
                91,
                95,
                96,
                98
            ],
            [
                34,
                36,
                39,
                38,
                37,
                35,
                31,
                33,
                32
            ],
            [
                13,
                17,
                18,
                19,
                15,
                16,
                14,
                12
            ],
            [
                55,
                54,
                53,
                56,
                58,
                60,
                59,
                57
            ],
            [
                81,
                78,
                76,
                71,
                70,
                73,
                77,
                79,
                80
            ],
            [
                88,
                94,
                92,
                93,
                97,
                100,
                99
            ]
        ],
        "Solution Cost: ": 871.6,
        "Used Vehicles: ": 10,
        "Primal Integral: ": 48.07836848769079,
        "Primal Gap: ": 0.0558742542450666
    },
    "DIDP_No_Bound": {
        "Path: ": [
            [
                43,
                42,
                41,
                40,
                44,
                45,
                46,
                48,
                51,
                50,
                52,
                49,
                47
            ],
            [
                20,
                24,
                25,
                27,
                29,
                30,
                28,
                26,
                23,
                22,
                21
            ],
            [
                5,
                3,
                7,
                8,
                10,
                11,
                9,
                6,
                4,
                2,
                1,
                75
            ],
            [
                67,
                65,
                63,
                62,
                74,
                72,
                61,
                64,
                68,
                66,
                69
            ],
            [
                90,
                87,
                86,
                83,
                82,
                84,
                85,
                88,
                89,
                91,
                98
            ],
            [
                34,
                36,
                39,
                38,
                37,
                35,
                31,
                33,
                32
            ],
            [
                13,
                17,
                18,
                19,
                15,
                16,
                14,
                12
            ],
            [
                55,
                54,
                53,
                56,
                58,
                60,
                59,
                57
            ],
            [
                81,
                78,
                76,
                71,
                70,
                73,
                77,
                79,
                80
            ],
            [
                96,
                95,
                94,
                92,
                93,
                97,
                100,
                99
            ]
        ],
        "Solution Cost: ": 852.4,
        "Used Vehicles: ": 10,
        "Primal Integral: ": 34.5321213666519,
        "Primal Gap: ": 0.03460816518066635
    },