{
    "DIDP_Complete": {
        "Path: ": [
            [
                21,
                24,
                25,
                27,
                29,
                30,
                28,
                26,
                23,
                22,
                20
            ],
            [
                67,
                65,
                63,
                62,
                74,
                72,
                61,
                64,
                68,
                66,
                69
            ],
            [
                43,
                42,
                41,
                40,
                44,
                45,
                46,
                48,
                51,
                50,
                52,
                49,
                47
            ],
            [
                5,
                3,
                7,
                8,
                10,
                11,
                9,
                6,
                4,
                2,
                1,
                75
            ],
            [
                90,
                87,
                86,
                83,
                84,
                85,
                88,
                89,
                91
            ],
            [
                34,
                36,
                39,
                38,
                37,
                35,
                31,
                33,
                32
            ],
            [
                13,
                17,
                18,
                19,
                15,
                16,
                14,
                12
            ],
            [
                55,
                54,
                53,
                56,
                58,
                60,
                59,
                57
            ],
            [
                98,
                96,
                95,
                94,
                92,
                93,
                97,
                100,
                99
            ],
            [
                82,
                78,
                76,
                71,
                70,
                73,
                77,
                79,
                80,
                81
            ]
        ],
        "Solution Cost: ": 839.7,
        "Used Vehicles: ": 10,
        "Primal Integral: ": 26.61850409405181,
        "Primal Gap: ": 0.02000714540907475
    },
    "DIDP_No_Resource": {
        "Path: ": [
            [],
            [
                43,
                42,
                41,
                40,
                44,
                45,
                46,
                48,
                51,
                50,
                52,
                49,
                47
            ],
            [
                20,
                24,
                25,
                27,
                29,
                30,
                28,
                26,
                23,
                22,
                21
            ],
            [
                5,
                3,
                7,
                8,
                10,
                11,
                9,
                6,
                4,
                2,
                1,
                75
            ],
            [
                67,
                65,
                63,
                62,
                74,
                72,
                61,
                64,
                68,
                66,
                69
            ],
            [
                90,
                87,
                86,
                83,
                82,
                84,
                85,
                88,
                89,
                91,
                96,
                98
            ],
            [
                34,
                36,
                39,
                38,
                37,
                35,
                31,
                33,
                32
            ],
            [
                13,
                17,
                18,
                19,
                15,
                16,
                14,
                12
            ],
            [
                55,
                54,
                53,
                56,
                58,
                60,
                59,
                57
            ],
            [
                81,
                78,
                76,
                71,
                70,
                73,
                77,
                79,
                80
            ],
            [
                95,
                94,
                92,
                93,
                97,
                100,
                99
            ]
        ],
        "Solution Cost: ": 861.8,
        "Used Vehicles: ": 11,
        "Primal Integral: ": 48.930475027986226,
        "Primal Gap: ": 0.045138083081921535
    },
    "DIDP_No_Bound": {
        "Path: ": [
            [
                43,
                42,
                41,
                40,
                44,
                45,
                46,
                48,
                51,
                50,
                52,
                49,
                47
            ],
            [
                20,
                24,
                25,
                27,
                29,
                30,
                28,
                26,
                23,
                22,
                21
            ],
            [
                5,
                3,
                7,
                8,
                10,
                11,
                9,
                6,
                4,
                2,
                1,
                75
            ],
            [
                67,
                65,
                63,
                62,
                74,
                72,
                61,
                64,
                68,
                66,
                69
            ],
            [
                90,
                87,
                86,
                83,
                82,
                84,
                85,
                88,
                89,
                91,
                98
            ],
            [
                34,
                36,
                39,
                38,
                37,
                35,
                31,
                33,
                32
            ],
            [
                13,
                17,
                18,
                19,
                15,
                16,
                14,
                12
            ],
            [
                55,
                54,
                53,
                56,
                58,
                60,
                59,
                57
            ],
            [
                81,
                78,
                76,
                71,
                70,
                73,
                77,
                79,
                80
            ],
            [
                96,
                95,
                94,
                92,
                93,
                97,
                100,
                99
            ]
        ],
        "Solution Cost: ": 852.4,
        "Used Vehicles: ": 10,
        "Primal Integral: ": 37.11244080071582,
        "Primal Gap: ": 0.03460816518066635
    },