{
    "DIDP_Complete": {
        "Path: ": [
            [
                20,
                24,
                25,
                27,
                30,
                28,
                26,
                23,
                22,
                21
            ],
            [
                5,
                3,
                7,
                8,
                10,
                11,
                9,
                6,
                4,
                2,
                1,
                75
            ],
            [
                67,
                65,
                63,
                62,
                74,
                72,
                61,
                64,
                68,
                66,
                69
            ],
            [
                43,
                42,
                41,
                40,
                44,
                46,
                45,
                48,
                51,
                50,
                52,
                49,
                47
            ],
            [
                90,
                87,
                86,
                83,
                82,
                84,
                85,
                88,
                89,
                91
            ],
            [
                98,
                96,
                95,
                94,
                92,
                93,
                97,
                100,
                99
            ],
            [
                13,
                17,
                18,
                19,
                15,
                16,
                14,
                12
            ],
            [
                57,
                55,
                54,
                53,
                56,
                58,
                60,
                59
            ],
            [
                32,
                33,
                31,
                35,
                37,
                38,
                39,
                36,
                34
            ],
            [
                81,
                78,
                76,
                71,
                70,
                73,
                77,
                79,
                80
            ],
            [
                29
            ]
        ],
        "Solution Cost: ": 864.6,
        "Used Vehicles: ": 11,
        "Primal Integral: ": 41.47257917513022,
        "Primal Gap: ": 0.04314133703446688
    },
    "DIDP_No_Resource": {
        "Path: ": [
            [],
            [
                20,
                24,
                25,
                27,
                29,
                30,
                28,
                26,
                23,
                22,
                21
            ],
            [
                5,
                3,
                7,
                8,
                10,
                11,
                9,
                6,
                4,
                2,
                1,
                75
            ],
            [
                67,
                65,
                63,
                62,
                74,
                72,
                61,
                64,
                68,
                66,
                69
            ],
            [
                43,
                42,
                41,
                40,
                44,
                46,
                45,
                48,
                51,
                50,
                52,
                49,
                47
            ],
            [
                90,
                87,
                86,
                83,
                82,
                84,
                85,
                88,
                89,
                91
            ],
            [
                98,
                96,
                95,
                94,
                92,
                93,
                97,
                100,
                99
            ],
            [
                13,
                17,
                18,
                19,
                15,
                16,
                14,
                12
            ],
            [
                57,
                55,
                54,
                53,
                56,
                58,
                60,
                59
            ],
            [
                32,
                33,
                31,
                35,
                37,
                38,
                39,
                36,
                34
            ],
            [
                81,
                78,
                76,
                71,
                70,
                73,
                77,
                79,
                80
            ]
        ],
        "Solution Cost: ": 828.9,
        "Used Vehicles: ": 11,
        "Primal Integral: ": 5.700445100244615,
        "Primal Gap: ": 0.0019302690312462574
    },
    "DIDP_No_Bound": {
        "Path: ": [
            [
                20,
                24,
                25,
                27,
                30,
                28,
                26,
                23,
                22,
                21
            ],
            [
                5,
                3,
                7,
                8,
                10,
                11,
                9,
                6,
                4,
                2,
                1,
                75
            ],
            [
                43,
                42,
                41,
                40,
                44,
                46,
                45,
                48,
                51,
                50,
                49,
                47
            ],
            [
                67,
                65,
                63,
                62,
                74,
                72,
                61,
                64,
                68,
                66,
                69
            ],
            [
                90,
                87,
                86,
                83,
                82,
                84,
                85,
                88,
                89,
                91
            ],
            [
                98,
                96,
                95,
                94,
                92,
                93,
                97,
                100,
                99
            ],
            [
                13,
                17,
                18,
                19,
                15,
                16,
                14,
                12
            ],
            [
                57,
                55,
                54,
                53,
                56,
                58,
                60,
                59
            ],
            [
                32,
                33,
                31,
                35,
                37,
                38,
                39,
                36,
                34
            ],
            [
                81,
                78,
                76,
                71,
                70,
                73,
                77,
                79,
                80
            ],
            [
                29,
                52
            ]
        ],
        "Solution Cost: ": 879.0,
        "Used Vehicles: ": 11,
        "Primal Integral: ": 37.927432579419666,
        "Primal Gap: ": 0.058816837315130883
    },