{
    "DIDP_Complete": {
        "Path: ": [
            [
                53,
                58,
                13,
                94,
                95,
                97,
                92,
                59,
                96,
                89
            ],
            [
                27,
                52,
                18,
                83,
                60,
                5,
                84,
                61,
                16,
                91,
                37,
                93
            ],
            [
                28,
                12,
                76,
                77,
                3,
                79,
                78,
                81,
                33,
                50
            ],
            [
                40,
                21,
                73,
                72,
                74,
                75,
                56,
                4,
                54,
                26
            ],
            [
                31,
                88,
                7,
                48,
                47,
                19,
                11,
                62,
                10,
                70,
                1
            ],
            [
                2,
                57,
                15,
                43,
                42,
                87,
                99,
                6
            ],
            [
                69,
                51,
                9,
                71,
                35,
                34,
                29,
                24,
                80,
                68
            ],
            [
                98,
                85,
                100,
                44,
                14,
                38,
                86,
                17
            ],
            [
                82,
                45,
                8,
                46,
                36,
                49,
                64,
                63
            ],
            [
                41,
                22,
                23,
                67,
                39,
                25,
                55
            ],
            [
                30,
                90,
                32,
                66,
                65,
                20
            ]
        ],
        "Solution Cost: ": 1064.3,
        "Used Vehicles: ": 11,
        "Primal Integral: ": 73.84542163264614,
        "Primal Gap: ": 0.10870995020201066
    },
    "DIDP_No_Resource": {
        "Path: ": [
            [],
            [
                27,
                52,
                18,
                83,
                60,
                5,
                93,
                99,
                59,
                92,
                97,
                13,
                58
            ],
            [
                53,
                40,
                21,
                73,
                72,
                74,
                75,
                56,
                4,
                54
            ],
            [
                28,
                12,
                76,
                77,
                3,
                79,
                78,
                81,
                33,
                50
            ],
            [
                94,
                95,
                98,
                85,
                61,
                16,
                91,
                100,
                37,
                96,
                89
            ],
            [
                31,
                88,
                7,
                82,
                48,
                47,
                19,
                11,
                62,
                10,
                70,
                1
            ],
            [
                2,
                57,
                15,
                43,
                42,
                87,
                6
            ],
            [
                69,
                51,
                9,
                71,
                35,
                34,
                29,
                24,
                80,
                68
            ],
            [
                41,
                22,
                23,
                67,
                39,
                25,
                55,
                26
            ],
            [
                84,
                17,
                86,
                38,
                44,
                14
            ],
            [
                45,
                8,
                46,
                36,
                49,
                64,
                63
            ],
            [
                30,
                90,
                32,
                66,
                65,
                20
            ]
        ],
        "Solution Cost: ": 1055.9,
        "Used Vehicles: ": 12,
        "Primal Integral: ": 73.6805439747578,
        "Primal Gap: ": 0.10161947154086567
    },
    "DIDP_No_Bound": {
        "Path: ": [
            [
                6,
                94,
                95,
                96,
                99,
                93,
                98,
                37,
                92,
                59,
                97,
                13
            ],
            [
                53,
                40,
                21,
                73,
                72,
                75,
                22,
                41,
                74,
                58
            ],
            [
                28,
                76,
                77,
                3,
                79,
                78,
                81,
                33,
                50
            ],
            [
                27,
                52,
                18,
                83,
                84,
                61,
                91,
                100,
                85,
                5,
                60,
                89
            ],
            [
                31,
                88,
                62,
                19,
                47,
                48,
                82,
                7
            ],
            [
                12,
                80,
                68,
                29,
                24,
                54,
                26
            ],
            [
                69,
                30,
                32,
                90,
                63,
                11,
                10,
                70,
                1
            ],
            [
                2,
                87,
                42,
                14,
                44,
                16,
                17,
                45
            ],
            [
                56,
                23,
                67,
                39,
                25,
                55,
                4
            ],
            [
                51,
                9,
                34,
                35,
                71,
                65,
                66,
                20
            ],
            [
                86,
                38,
                43,
                15,
                57
            ],
            [
                8,
                46,
                36,
                49,
                64
            ]
        ],
        "Solution Cost: ": 1086.6,
        "Used Vehicles: ": 12,
        "Primal Integral: ": 81.57042719939702,
        "Primal Gap: ": 0.12700165654334614
    },