{
    "DIDP_Complete": {
        "Path: ": [
            [
                27,
                52,
                31,
                88,
                62,
                11,
                19,
                7,
                18,
                6,
                94,
                96,
                97,
                37,
                100,
                91,
                93,
                60,
                89
            ],
            [
                28,
                12,
                76,
                79,
                78,
                81,
                9,
                51,
                50,
                3,
                68,
                26
            ],
            [
                95,
                59,
                92,
                98,
                14,
                44,
                16,
                61,
                85,
                99,
                87,
                57,
                41,
                22,
                56,
                4,
                54,
                55,
                25,
                24,
                80,
                77
            ],
            [
                2,
                72,
                21,
                73,
                75,
                74,
                13
            ],
            [
                53,
                40,
                58
            ],
            [
                69,
                30,
                90,
                10,
                20,
                66,
                32,
                70,
                1
            ],
            [
                5,
                83,
                45,
                82,
                47,
                36,
                64,
                49,
                48
            ],
            [
                42,
                15,
                38,
                86,
                84,
                8,
                46,
                17
            ],
            [
                33,
                63,
                65,
                71,
                29,
                34,
                35
            ],
            [
                39,
                67,
                23,
                43
            ]
        ],
        "Solution Cost: ": 1277.5,
        "Used Vehicles: ": 10,
        "Primal Integral: ": 66.21565740858027,
        "Primal Gap: ": 0.10512720156555769
    },
    "DIDP_No_Resource": {
        "Path: ": [
            [],
            [
                27,
                69,
                31,
                88,
                62,
                11,
                19,
                7,
                18,
                6,
                94,
                96,
                97,
                37,
                100,
                91,
                93,
                60,
                89
            ],
            [
                28,
                12,
                76,
                50,
                3,
                68,
                54,
                4,
                55,
                25,
                24,
                80,
                77
            ],
            [
                53,
                40,
                58
            ],
            [
                52,
                5,
                61,
                16,
                44,
                85,
                99,
                87,
                57,
                41,
                22,
                74,
                13
            ],
            [
                33,
                79,
                78,
                81,
                9,
                51,
                20,
                66,
                32,
                70,
                1
            ],
            [
                95,
                92,
                42,
                15,
                2,
                21,
                73,
                75,
                56,
                26
            ],
            [
                83,
                45,
                82,
                47,
                36,
                64,
                49,
                48
            ],
            [
                59,
                98,
                14,
                38,
                86,
                84,
                8,
                46,
                17
            ],
            [
                72,
                39,
                67,
                23,
                43
            ],
            [
                63,
                65,
                71,
                30,
                90,
                10
            ],
            [
                29,
                34,
                35
            ]
        ],
        "Solution Cost: ": 1290.6,
        "Used Vehicles: ": 12,
        "Primal Integral: ": 71.223779060827,
        "Primal Gap: ": 0.11421044475437771
    },
    "DIDP_No_Bound": {
        "Path: ": [
            [
                95,
                59,
                92,
                98,
                44,
                16,
                61,
                85,
                99,
                94,
                6,
                96,
                97,
                37,
                100,
                91,
                93,
                60,
                89
            ],
            [
                53,
                40,
                58
            ],
            [
                27,
                69,
                31,
                88,
                62,
                30,
                51,
                9,
                81,
                78,
                79,
                3,
                68,
                54,
                4,
                55,
                25,
                24,
                80,
                77
            ],
            [
                28,
                12,
                21,
                73,
                75,
                22,
                41,
                57,
                13
            ],
            [
                5,
                83,
                45,
                82,
                47,
                36,
                19,
                11,
                90,
                10,
                20,
                66,
                32,
                70,
                1
            ],
            [
                72,
                39,
                67,
                23,
                56,
                74
            ],
            [
                52,
                18,
                7,
                8,
                84,
                17
            ],
            [
                2,
                42,
                15,
                14,
                38,
                86,
                87,
                43,
                26
            ],
            [
                33,
                65,
                71,
                29,
                76,
                50,
                34,
                35
            ],
            [
                63,
                64,
                49,
                46,
                48
            ]
        ],
        "Solution Cost: ": 1238.9,
        "Used Vehicles: ": 10,
        "Primal Integral: ": 54.93873788085694,
        "Primal Gap: ": 0.07724594398256521
    },