{
    "DIDP_Complete": {
        "Path: ": [
            [
                27,
                69,
                31,
                88,
                62,
                11,
                19,
                48,
                82,
                7,
                52,
                18,
                83,
                60,
                5,
                85,
                91,
                100,
                37,
                98,
                93,
                59,
                96,
                95,
                94,
                89
            ],
            [
                28,
                26,
                40,
                21,
                73,
                72,
                2,
                57,
                41,
                22,
                75,
                56,
                4,
                55,
                54,
                68,
                80,
                77,
                12
            ],
            [
                50,
                76,
                3,
                79,
                78,
                81,
                9,
                51,
                20,
                70,
                1
            ],
            [
                53,
                87,
                97,
                13,
                58
            ],
            [
                92,
                42,
                15,
                14,
                38,
                44,
                16,
                61,
                86,
                99,
                6,
                84,
                8,
                46,
                17
            ],
            [
                45,
                47,
                36,
                63,
                64,
                49,
                10,
                32,
                66,
                35,
                34,
                24,
                25
            ],
            [
                33,
                65,
                71,
                29,
                30,
                90
            ],
            [
                39,
                67,
                23,
                43,
                74
            ]
        ],
        "Solution Cost: ": 1199.4,
        "Used Vehicles: ": 8,
        "Primal Integral: ": 89.96034519056107,
        "Primal Gap: ": 0.1415707853926965
    },
    "DIDP_No_Resource": {
        "Path: ": [
            [
                27,
                52,
                18,
                83,
                60,
                5,
                93,
                85,
                91,
                100,
                37,
                98,
                59,
                96,
                94,
                95,
                2,
                58
            ],
            [
                28,
                26,
                12,
                76,
                50,
                3,
                79,
                78,
                81,
                9,
                51,
                20,
                70,
                1
            ],
            [
                69,
                31,
                88,
                62,
                11,
                19,
                48,
                7,
                82,
                8,
                84,
                6,
                13,
                89
            ],
            [
                53,
                40,
                21,
                72,
                22,
                41,
                75,
                56,
                4,
                54,
                55,
                25,
                24,
                80,
                77
            ],
            [
                92,
                42,
                14,
                38,
                44,
                16,
                61,
                86,
                99,
                87,
                57,
                43,
                97
            ],
            [
                30,
                90,
                10,
                32,
                66,
                35,
                34
            ],
            [
                45,
                47,
                36,
                63,
                64,
                49,
                46,
                17
            ],
            [
                33,
                65,
                71,
                29,
                68
            ],
            [
                15,
                39,
                67,
                23,
                73,
                74
            ]
        ],
        "Solution Cost: ": 1187.4,
        "Used Vehicles: ": 9,
        "Primal Integral: ": 85.69485718010408,
        "Primal Gap: ": 0.13289540171803957
    },
    "DIDP_No_Bound": {
        "Path: ": [
            [
                94,
                95,
                59,
                92,
                37,
                98,
                85,
                91,
                16,
                61,
                5,
                99,
                96,
                6,
                89
            ],
            [
                53,
                40,
                21,
                72,
                22,
                75,
                56,
                4,
                55,
                54,
                12,
                68,
                80,
                77,
                3,
                50,
                1,
                70,
                31,
                52
            ],
            [
                27,
                69,
                88,
                62,
                11,
                19,
                48,
                7,
                82,
                8,
                18,
                83,
                84,
                60,
                13,
                58
            ],
            [
                28,
                76,
                79,
                78,
                81,
                9,
                51,
                20,
                10,
                32,
                66,
                35,
                34,
                24,
                25,
                26
            ],
            [
                2,
                42,
                15,
                14,
                44,
                38,
                86,
                87,
                57,
                43,
                97,
                100,
                93
            ],
            [
                39,
                67,
                23,
                73,
                41,
                74
            ],
            [
                45,
                47,
                36,
                63,
                64,
                49,
                46,
                17
            ],
            [
                33,
                65,
                71,
                29,
                30,
                90
            ]
        ],
        "Solution Cost: ": 1179.7,
        "Used Vehicles: ": 8,
        "Primal Integral: ": 80.14113702350765,
        "Primal Gap: ": 0.12723573789946607
    },