{
    "DIDP_Complete": {
        "Path: ": [
            [
                27,
                69,
                31,
                88,
                62,
                11,
                19,
                48,
                7,
                82,
                8,
                83,
                60,
                5,
                93,
                85,
                91,
                100,
                37,
                98,
                59,
                96,
                95,
                94
            ],
            [
                28,
                26,
                40,
                21,
                73,
                72,
                22,
                41,
                75,
                56,
                4,
                55,
                54,
                24,
                80,
                12
            ],
            [
                76,
                3,
                79,
                78,
                81,
                9,
                51,
                20,
                66,
                35,
                34,
                68,
                77,
                50,
                1,
                70,
                52,
                89
            ],
            [
                53
            ],
            [
                92,
                42,
                15,
                14,
                38,
                44,
                16,
                61,
                86,
                99,
                87,
                2,
                57,
                43,
                97,
                13,
                58
            ],
            [
                18,
                84,
                6
            ],
            [
                45,
                47,
                36,
                63,
                64,
                49,
                46,
                17
            ],
            [
                33,
                65,
                71,
                29,
                30,
                90,
                10,
                32
            ],
            [
                39,
                67,
                23,
                74,
                25
            ]
        ],
        "Solution Cost: ": 1165.6,
        "Used Vehicles: ": 9,
        "Primal Integral: ": 78.44472541539267,
        "Primal Gap: ": 0.11667810569663693
    },
    "DIDP_No_Resource": {
        "Path: ": [
            [
                27,
                52,
                18,
                83,
                60,
                5,
                93,
                85,
                91,
                100,
                37,
                98,
                59,
                96,
                94,
                95,
                2,
                58
            ],
            [
                28,
                26,
                12,
                76,
                50,
                3,
                79,
                78,
                81,
                9,
                51,
                20,
                70
            ],
            [
                53,
                40,
                21,
                72,
                22,
                41,
                75,
                56,
                4,
                54,
                55,
                25,
                24,
                80,
                77
            ],
            [
                69,
                31,
                88,
                62,
                11,
                19,
                48,
                7,
                82,
                8,
                84,
                6,
                89
            ],
            [
                92,
                42,
                14,
                38,
                44,
                16,
                61,
                99,
                87,
                57,
                43,
                97,
                13
            ],
            [
                1,
                33,
                34,
                65,
                71,
                30,
                90,
                10,
                32,
                66,
                35,
                68
            ],
            [
                39,
                67,
                23,
                73,
                74
            ],
            [
                45,
                47,
                36,
                63,
                64,
                49,
                46
            ],
            [
                29,
                15,
                86,
                17
            ]
        ],
        "Solution Cost: ": 1213.7,
        "Used Vehicles: ": 9,
        "Primal Integral: ": 92.25488470412306,
        "Primal Gap: ": 0.15168493037818254
    },
    "DIDP_No_Bound": {
        "Path: ": [
            [
                94,
                95,
                59,
                92,
                37,
                98,
                85,
                91,
                16,
                61,
                5,
                99,
                96,
                6,
                89
            ],
            [
                53,
                40,
                21,
                72,
                22,
                75,
                56,
                4,
                55,
                54,
                12,
                68,
                80,
                77,
                3,
                50,
                1,
                70,
                31,
                52
            ],
            [
                27,
                69,
                88,
                62,
                11,
                19,
                48,
                7,
                82,
                8,
                18,
                83,
                84,
                17,
                60,
                13,
                58
            ],
            [
                28,
                76,
                79,
                78,
                81,
                9,
                51,
                20,
                10,
                32,
                66,
                35,
                34,
                24,
                25,
                26
            ],
            [
                2,
                42,
                15,
                14,
                44,
                38,
                86,
                87,
                57,
                43,
                97,
                100,
                93
            ],
            [
                39,
                67,
                23,
                73,
                41,
                74
            ],
            [
                45,
                47,
                36,
                63,
                64,
                49,
                46
            ],
            [
                33,
                65,
                71,
                29,
                30,
                90
            ]
        ],
        "Solution Cost: ": 1178.5,
        "Used Vehicles: ": 8,
        "Primal Integral: ": 78.48555695036285,
        "Primal Gap: ": 0.12634705133644472
    },