{
    "DIDP_Complete": {
        "Path: ": [
            [
                27,
                69,
                31,
                88,
                62,
                11,
                19,
                47,
                48,
                82,
                8,
                83,
                60,
                5,
                84,
                17,
                61,
                16,
                91,
                100,
                37,
                98,
                85,
                93,
                59,
                96,
                97,
                95,
                94,
                89,
                18,
                52
            ],
            [
                28,
                26,
                12,
                76,
                3,
                79,
                78,
                81,
                9,
                51,
                20,
                66,
                71,
                35,
                34,
                29,
                68,
                80,
                77,
                50
            ],
            [
                53,
                40,
                21,
                73,
                22,
                41,
                75,
                56,
                55,
                24,
                54,
                4,
                72,
                74,
                2,
                58
            ],
            [
                92,
                42,
                57,
                15,
                43,
                14,
                44,
                38,
                86,
                99,
                6,
                87,
                13
            ],
            [
                45,
                46,
                36,
                64,
                49,
                63,
                90,
                32,
                10,
                7
            ],
            [
                39,
                23,
                67,
                25
            ],
            [
                33,
                65,
                30,
                70,
                1
            ]
        ],
        "Solution Cost: ": 997.7,
        "Used Vehicles: ": 7,
        "Primal Integral: ": 97.60222865138587,
        "Primal Gap: ": 0.12719254284855175
    },
    "DIDP_No_Resource": {
        "Path: ": [
            [],
            [
                27,
                69,
                31,
                88,
                62,
                11,
                19,
                47,
                48,
                82,
                8,
                83,
                60,
                5,
                84,
                61,
                16,
                91,
                100,
                37,
                98,
                85,
                93,
                59,
                97,
                95,
                94,
                89,
                18,
                52
            ],
            [
                28,
                26,
                12,
                76,
                50,
                1,
                30,
                20,
                51,
                9,
                81,
                78,
                79,
                3,
                68,
                29,
                24,
                54,
                4,
                75,
                74,
                72,
                21,
                73,
                2,
                13,
                58
            ],
            [
                53
            ],
            [
                92,
                42,
                57,
                15,
                43,
                14,
                44,
                38,
                86,
                99,
                96,
                6,
                7,
                10,
                63,
                90,
                32,
                66,
                71,
                35,
                34,
                77
            ],
            [
                39,
                67,
                23,
                41,
                22,
                56,
                55,
                25,
                80
            ],
            [
                45,
                46,
                36,
                64,
                49,
                17
            ],
            [
                33,
                65,
                70
            ],
            [
                40,
                87
            ]
        ],
        "Solution Cost: ": 1064.5,
        "Used Vehicles: ": 9,
        "Primal Integral: ": 113.27623685488172,
        "Primal Gap: ": 0.18196336308125885
    },
    "DIDP_No_Bound": {
        "Path: ": [
            [
                94,
                95,
                97,
                92,
                59,
                96,
                99,
                93,
                98,
                37,
                100,
                91,
                85,
                61,
                5,
                60,
                83,
                18,
                89
            ],
            [
                53,
                40,
                21,
                73,
                72,
                22,
                41,
                75,
                56,
                4,
                55,
                54,
                68,
                80,
                77,
                12,
                26,
                28
            ],
            [
                27,
                69,
                1,
                50,
                76,
                3,
                79,
                78,
                34,
                81,
                9,
                51,
                20,
                32,
                90,
                63,
                10,
                70,
                31
            ],
            [
                2,
                57,
                42,
                15,
                43,
                14,
                44,
                38,
                86,
                16,
                87,
                13,
                58
            ],
            [
                52,
                7,
                82,
                45,
                46,
                36,
                19,
                62,
                88,
                11,
                64,
                49,
                47,
                48
            ],
            [
                6,
                8,
                84,
                17
            ],
            [
                39,
                67,
                23,
                74
            ],
            [
                33,
                65,
                30,
                66,
                71,
                35,
                29,
                24,
                25
            ]
        ],
        "Solution Cost: ": 1026.8,
        "Used Vehicles: ": 8,
        "Primal Integral: ": 112.67049035714041,
        "Primal Gap: ": 0.15192832099727308
    },