{
    "DIDP_Complete": {
        "Path: ": [
            [
                27,
                52,
                18,
                83,
                60,
                5,
                61,
                16,
                91,
                85,
                93,
                59,
                99,
                96,
                6,
                94,
                95,
                97,
                87,
                42,
                57,
                2,
                73,
                21,
                72,
                74,
                22,
                75,
                56,
                39,
                4,
                54,
                80,
                68,
                12,
                26,
                40,
                58
            ],
            [
                28,
                50,
                1,
                69,
                31,
                88,
                7,
                82,
                48,
                19,
                11,
                62,
                10,
                70,
                30,
                51,
                9,
                81,
                33,
                79,
                78,
                34,
                35,
                71,
                65,
                66,
                20,
                32,
                90,
                63,
                64,
                49,
                36,
                47,
                46,
                45,
                17,
                100,
                13
            ],
            [
                89,
                92,
                98,
                37,
                14,
                43,
                15,
                41,
                23,
                67,
                55,
                25,
                24,
                29,
                3,
                77
            ],
            [
                76,
                53
            ],
            [
                44,
                38,
                86,
                84,
                8
            ]
        ],
        "Solution Cost: ": 848.5,
        "Used Vehicles: ": 5,
        "Primal Integral: ": 87.23505027594959,
        "Primal Gap: ": 0.13812610489098415
    },
    "DIDP_No_Resource": {
        "Path: ": [
            [
                27,
                52,
                18,
                83,
                60,
                5,
                61,
                16,
                91,
                85,
                93,
                59,
                99,
                96,
                6,
                94,
                95,
                97,
                87,
                42,
                57,
                2,
                73,
                21,
                72,
                74,
                22,
                75,
                56,
                39,
                4,
                54,
                80,
                68,
                3,
                77,
                12,
                26,
                40,
                58
            ],
            [
                28,
                50,
                1,
                69,
                31,
                88,
                7,
                82,
                48,
                19,
                11,
                62,
                10,
                70,
                30,
                51,
                9,
                81,
                33,
                79,
                78,
                34,
                35,
                71,
                65,
                66,
                20,
                32,
                90,
                63,
                64,
                49,
                36,
                47,
                46,
                45,
                17,
                100,
                13
            ],
            [
                89,
                92,
                37,
                14,
                43,
                15,
                41,
                23,
                67,
                55,
                25,
                24,
                29
            ],
            [
                76,
                53
            ],
            [
                98,
                44,
                38,
                86,
                84,
                8
            ]
        ],
        "Solution Cost: ": 854.8,
        "Used Vehicles: ": 5,
        "Primal Integral: ": 90.69318375794678,
        "Primal Gap: ": 0.14447824052409922
    },
    "DIDP_No_Bound": {
        "Path: ": [
            [
                89,
                6,
                94,
                95,
                97,
                92,
                59,
                96,
                99,
                93,
                85,
                98,
                37,
                100,
                91,
                16,
                61,
                5,
                60,
                83,
                18,
                52
            ],
            [
                53,
                40,
                21,
                73,
                72,
                74,
                22,
                75,
                56,
                4,
                54,
                80,
                68,
                77,
                3,
                33,
                81,
                51,
                30,
                70,
                1,
                28
            ],
            [
                27,
                69,
                31,
                88,
                62,
                10,
                90,
                63,
                11,
                19,
                47,
                48,
                82,
                8,
                45,
                84,
                17,
                86,
                14,
                43,
                42,
                13,
                58
            ],
            [
                26,
                12,
                76,
                50,
                79,
                78,
                34,
                9,
                35,
                71,
                65,
                66,
                20,
                32,
                64,
                49,
                36,
                46,
                7
            ],
            [
                2,
                57,
                15,
                41,
                23,
                67,
                39,
                55,
                25,
                24,
                29
            ],
            [
                44,
                38,
                87
            ]
        ],
        "Solution Cost: ": 869.7,
        "Used Vehicles: ": 6,
        "Primal Integral: ": 100.68238260943808,
        "Primal Gap: ": 0.1591353340232265
    },