{
    "DIDP_Complete": {
        "Path: ": [
            [
                27,
                52,
                18,
                83,
                60,
                5,
                61,
                16,
                91,
                85,
                93,
                59,
                99,
                96,
                6,
                94,
                95,
                97,
                87,
                42,
                57,
                2,
                73,
                21,
                72,
                74,
                22,
                75,
                56,
                39,
                4,
                54,
                80,
                68,
                3,
                77,
                12,
                26,
                40,
                58
            ],
            [
                28,
                50,
                1,
                69,
                31,
                88,
                7,
                82,
                48,
                19,
                11,
                62,
                10,
                70,
                30,
                51,
                9,
                81,
                33,
                79,
                78,
                34,
                35,
                71,
                65,
                66,
                20,
                32,
                90,
                63,
                64,
                49,
                36,
                47,
                46,
                45,
                17,
                100,
                13
            ],
            [
                92,
                98,
                37,
                15,
                43,
                14,
                44,
                38,
                86,
                84,
                8,
                89
            ],
            [
                41,
                23,
                67,
                55,
                25,
                24,
                29
            ],
            [
                76,
                53
            ]
        ],
        "Solution Cost: ": 850.3,
        "Used Vehicles: ": 5,
        "Primal Integral: ": 89.51953765388978,
        "Primal Gap: ": 0.13995060566858755
    },
    "DIDP_No_Resource": {
        "Path: ": [
            [
                53
            ],
            [
                28,
                50,
                76,
                77,
                3,
                68,
                80,
                12,
                26,
                40,
                58
            ],
            [
                27,
                1,
                70,
                30,
                51,
                9,
                81,
                33,
                79,
                78,
                34,
                35,
                71,
                65,
                66,
                20,
                32,
                90,
                63,
                10,
                31,
                88,
                7,
                82,
                48,
                47,
                46,
                45,
                17,
                61,
                85,
                91,
                100,
                37,
                98,
                93,
                5,
                60,
                83,
                18,
                52
            ],
            [
                89,
                6,
                94,
                96,
                99,
                59,
                95,
                97,
                87,
                57,
                2,
                73,
                21,
                72,
                74,
                22,
                41,
                75,
                56,
                39,
                4,
                54,
                24,
                29
            ],
            [
                69,
                62,
                19,
                11,
                64,
                49,
                36,
                8,
                84
            ],
            [
                92,
                42,
                15,
                43,
                14,
                44,
                38,
                86,
                16,
                13
            ],
            [
                23,
                67,
                55,
                25
            ]
        ],
        "Solution Cost: ": 888.1,
        "Used Vehicles: ": 7,
        "Primal Integral: ": 106.73163201956498,
        "Primal Gap: ": 0.17655669406598362
    },
    "DIDP_No_Bound": {
        "Path: ": [
            [
                6,
                94,
                95,
                97,
                92,
                59,
                96,
                99,
                93,
                85,
                98,
                37,
                100,
                91,
                16,
                61,
                5,
                60,
                83,
                18,
                89,
                52,
                27
            ],
            [
                53,
                40,
                21,
                73,
                72,
                74,
                22,
                41,
                75,
                56,
                4,
                54,
                24,
                29,
                34,
                78,
                81,
                33,
                3,
                77,
                68,
                80,
                12,
                26
            ],
            [
                69,
                1,
                70,
                31,
                88,
                62,
                10,
                90,
                63,
                11,
                19,
                47,
                48,
                7,
                82,
                8,
                45,
                84,
                17,
                86,
                14,
                42,
                57,
                2,
                58
            ],
            [
                28,
                76,
                50,
                79,
                51,
                9,
                35,
                71,
                65,
                66,
                20,
                30,
                32,
                64,
                49,
                36,
                46
            ],
            [
                15,
                43,
                38,
                44,
                87,
                13
            ],
            [
                23,
                67,
                39,
                55,
                25
            ]
        ],
        "Solution Cost: ": 873.9,
        "Used Vehicles: ": 6,
        "Primal Integral: ": 100.89775355349181,
        "Primal Gap: ": 0.16317656482435064
    },