{
    "DIDP_Complete": {
        "Path: ": [
            [
                27,
                69,
                31,
                88,
                62,
                11,
                19,
                7,
                82,
                8,
                18,
                6,
                94,
                99,
                85,
                61,
                16,
                91,
                100,
                37,
                97,
                13,
                58
            ],
            [
                28,
                12,
                76,
                3,
                79,
                78,
                81,
                9,
                51,
                20,
                66,
                32,
                10,
                70,
                1
            ],
            [
                53,
                40,
                21,
                73,
                75,
                41,
                22,
                74,
                56,
                4,
                25,
                55,
                54,
                24,
                80,
                68,
                77
            ],
            [
                95,
                59,
                92,
                98,
                42,
                14,
                44,
                38,
                86,
                84,
                17,
                60,
                93,
                96,
                89
            ],
            [
                72,
                39,
                67,
                23,
                2,
                87,
                15,
                43,
                57,
                26
            ],
            [
                52,
                5,
                83,
                45,
                47,
                36,
                63,
                90,
                64,
                49,
                46,
                48
            ],
            [
                29,
                33,
                30,
                71,
                65,
                35,
                34,
                50
            ]
        ],
        "Solution Cost: ": 1046.3,
        "Used Vehicles: ": 7,
        "Primal Integral: ": 83.56740124965602,
        "Primal Gap: ": 0.09222976201854154
    },
    "DIDP_No_Resource": {
        "Path: ": [
            [],
            [
                28,
                27,
                69,
                31,
                88,
                62,
                11,
                19,
                47,
                82,
                7,
                52,
                18,
                6,
                94,
                99,
                85,
                91,
                100,
                37,
                97,
                13,
                58
            ],
            [
                53,
                40,
                21,
                73,
                22,
                75,
                74,
                56,
                4,
                25,
                55,
                54,
                24,
                80,
                68,
                77,
                1
            ],
            [
                95,
                59,
                92,
                98,
                42,
                14,
                44,
                16,
                61,
                5,
                84,
                17,
                60,
                93,
                96,
                89
            ],
            [
                12,
                76,
                33,
                81,
                9,
                51,
                50,
                3,
                79,
                78,
                34,
                35,
                66,
                20,
                32,
                10,
                70
            ],
            [
                2,
                72,
                39,
                67,
                23,
                41,
                15,
                87,
                86,
                38,
                43,
                57,
                26
            ],
            [
                83,
                45,
                36,
                63,
                65,
                71,
                29,
                30,
                90,
                64,
                49,
                46,
                8,
                48
            ]
        ],
        "Solution Cost: ": 1074.1,
        "Used Vehicles: ": 7,
        "Primal Integral: ": 74.27212153682521,
        "Primal Gap: ": 0.11572479284982773
    },
    "DIDP_No_Bound": {
        "Path: ": [
            [
                95,
                92,
                59,
                99,
                98,
                85,
                61,
                16,
                91,
                100,
                37,
                93,
                96,
                13,
                58
            ],
            [
                53,
                40,
                21,
                73,
                75,
                22,
                41,
                57,
                87,
                97,
                94,
                6,
                89
            ],
            [
                28,
                12,
                76,
                50,
                51,
                9,
                81,
                79,
                78,
                3,
                77,
                68,
                80,
                54,
                55,
                25,
                4
            ],
            [
                27,
                69,
                31,
                88,
                52,
                18,
                82,
                7,
                62,
                19,
                11,
                10,
                90,
                32,
                66,
                20,
                70,
                1
            ],
            [
                2,
                15,
                42,
                14,
                44,
                5,
                83,
                45,
                47,
                36,
                46,
                8,
                84,
                17,
                60
            ],
            [
                72,
                23,
                67,
                39,
                56,
                74
            ],
            [
                29,
                33,
                71,
                65,
                35,
                34,
                24,
                26
            ],
            [
                86,
                38,
                43
            ],
            [
                30,
                63,
                64,
                49,
                48
            ]
        ],
        "Solution Cost: ": 1107.2,
        "Used Vehicles: ": 9,
        "Primal Integral: ": 86.18898042145533,
        "Primal Gap: ": 0.14216040462427754
    },