{
    "DIDP_Complete": {
        "Path: ": [
            [
                27,
                28,
                26,
                12,
                76,
                50,
                1,
                69,
                31,
                88,
                62,
                11,
                19,
                48,
                82,
                7,
                52,
                18,
                83,
                84,
                60,
                5,
                93,
                85,
                91,
                100,
                37,
                98,
                59,
                95,
                94,
                13,
                58
            ],
            [
                53,
                40,
                21,
                73,
                72,
                22,
                74,
                75,
                56,
                4,
                25,
                55,
                54,
                24,
                80,
                68,
                3,
                77
            ],
            [
                2,
                42,
                14,
                44,
                38,
                86,
                16,
                61,
                99,
                96,
                97,
                87,
                6,
                89
            ],
            [
                33,
                81,
                79,
                78,
                34,
                9,
                51,
                30,
                10,
                90,
                32,
                66,
                20,
                70
            ],
            [
                39,
                67,
                23,
                41,
                15,
                43,
                57
            ],
            [
                92,
                45,
                47,
                36,
                63,
                64,
                49,
                46,
                8,
                17
            ],
            [
                29,
                71,
                65,
                35
            ]
        ],
        "Solution Cost: ": 1034.1,
        "Used Vehicles: ": 7,
        "Primal Integral: ": 94.05613261089341,
        "Primal Gap: ": 0.152983270476743
    },
    "DIDP_No_Resource": {
        "Path: ": [
            [
                27,
                28,
                26,
                12,
                76,
                50,
                1,
                69,
                31,
                88,
                62,
                11,
                19,
                48,
                82,
                7,
                52,
                18,
                83,
                60,
                5,
                93,
                85,
                91,
                100,
                37,
                98,
                59,
                96,
                95,
                94,
                13,
                58
            ],
            [
                53,
                40,
                21,
                73,
                72,
                41,
                22,
                74,
                75,
                56,
                4,
                25,
                55,
                54,
                24,
                80,
                68,
                3,
                77
            ],
            [
                2,
                15,
                42,
                14,
                44,
                38,
                86,
                16,
                61,
                84,
                99,
                97,
                87,
                6,
                89
            ],
            [
                30,
                51,
                81,
                79,
                78,
                34,
                9,
                71,
                35,
                66,
                20,
                32,
                10,
                70
            ],
            [
                92,
                45,
                47,
                36,
                63,
                90,
                64,
                49,
                46,
                8,
                17
            ],
            [
                33,
                65,
                29,
                39,
                67,
                23,
                43,
                57
            ]
        ],
        "Solution Cost: ": 1035.7,
        "Used Vehicles: ": 6,
        "Primal Integral: ": 100.0494758004672,
        "Primal Gap: ": 0.15429178333494262
    },
    "DIDP_No_Bound": {
        "Path: ": [
            [
                6,
                94,
                96,
                99,
                59,
                95,
                97,
                37,
                98,
                100,
                91,
                85,
                93,
                5,
                83,
                60,
                89
            ],
            [
                53,
                40,
                21,
                73,
                72,
                22,
                74,
                75,
                56,
                4,
                25,
                55,
                54,
                80,
                68,
                77,
                12,
                26,
                58
            ],
            [
                28,
                69,
                1,
                50,
                76,
                3,
                33,
                81,
                79,
                78,
                34,
                9,
                51,
                30,
                20,
                90,
                32,
                10,
                70,
                31
            ],
            [
                27,
                52,
                7,
                88,
                62,
                11,
                19,
                47,
                48,
                82,
                8,
                18,
                84,
                61,
                16,
                86,
                38,
                43,
                57,
                2
            ],
            [
                92,
                44,
                14,
                42,
                15,
                39,
                67,
                23,
                41,
                87,
                13
            ],
            [
                45,
                36,
                63,
                64,
                49,
                46,
                17
            ],
            [
                29,
                71,
                65,
                66,
                35,
                24
            ]
        ],
        "Solution Cost: ": 1044.5,
        "Used Vehicles: ": 7,
        "Primal Integral: ": 99.8512044307733,
        "Primal Gap: ": 0.16141694590713263
    },