{
    "DIDP_Complete": {
        "Path: ": [
            [
                27,
                52,
                18,
                83,
                60,
                5,
                61,
                16,
                91,
                85,
                98,
                37,
                92,
                59,
                99,
                96,
                6,
                94,
                95,
                97,
                87,
                57,
                2,
                40,
                21,
                73,
                72,
                22,
                74,
                75,
                56,
                4,
                54,
                24,
                29,
                3,
                77,
                68,
                80,
                12,
                26,
                28
            ],
            [
                69,
                1,
                50,
                33,
                51,
                20,
                30,
                32,
                90,
                63,
                11,
                62,
                88,
                7,
                82,
                48,
                19,
                49,
                47,
                46,
                8,
                84,
                17,
                86,
                100,
                93,
                13,
                58
            ],
            [
                53,
                76,
                79,
                78,
                81,
                9,
                35,
                71,
                66,
                10,
                70,
                31
            ],
            [
                89,
                42,
                14,
                44,
                38,
                43,
                15,
                41,
                23,
                67,
                25,
                55
            ],
            [
                39,
                34,
                65,
                64,
                36,
                45
            ]
        ],
        "Solution Cost: ": 983.4,
        "Used Vehicles: ": 5,
        "Primal Integral: ": 120.2696268785495,
        "Primal Gap: ": 0.19259711206019928
    },
    "DIDP_No_Resource": {
        "Path: ": [
            [],
            [
                27,
                52,
                18,
                83,
                60,
                5,
                61,
                16,
                91,
                85,
                98,
                37,
                92,
                59,
                99,
                96,
                6,
                94,
                95,
                97,
                87,
                2,
                57,
                41,
                22,
                73,
                21,
                72,
                74,
                75,
                56,
                4,
                54,
                24,
                29,
                3,
                77,
                68,
                80,
                12,
                26,
                58
            ],
            [
                53,
                28,
                76,
                50,
                1,
                30,
                51,
                9,
                81,
                79,
                78,
                34,
                35,
                71,
                66,
                20,
                32,
                90,
                63,
                19,
                47,
                48,
                82,
                7,
                89
            ],
            [
                69,
                31,
                62,
                11,
                64,
                36,
                46,
                45,
                8,
                84,
                44,
                14,
                38,
                86,
                17,
                93,
                100,
                13
            ],
            [
                42,
                43,
                15,
                23,
                67,
                39,
                25,
                55
            ],
            [
                33,
                65,
                49,
                88,
                10,
                70
            ],
            [
                40
            ]
        ],
        "Solution Cost: ": 974.8,
        "Used Vehicles: ": 7,
        "Primal Integral: ": 117.1170859268082,
        "Primal Gap: ": 0.18547394337299955
    },
    "DIDP_No_Bound": {
        "Path: ": [
            [
                89,
                6,
                94,
                96,
                99,
                59,
                93,
                85,
                98,
                37,
                100,
                91,
                16,
                61,
                5,
                60,
                83,
                18,
                82,
                48,
                7,
                52
            ],
            [
                53,
                40,
                21,
                73,
                72,
                74,
                75,
                56,
                4,
                25,
                55,
                54,
                80,
                68,
                3,
                77,
                12,
                26
            ],
            [
                27,
                69,
                31,
                88,
                62,
                11,
                63,
                90,
                32,
                30,
                51,
                9,
                81,
                79,
                78,
                34,
                35,
                71,
                66,
                20,
                70,
                1,
                50,
                28
            ],
            [
                95,
                92,
                97,
                2,
                57,
                15,
                42,
                14,
                44,
                86,
                45,
                46,
                36,
                47,
                8,
                84,
                17,
                13
            ],
            [
                29,
                24,
                39,
                67,
                23,
                22,
                41,
                43,
                38,
                87,
                58
            ],
            [
                76,
                33,
                65,
                64,
                49,
                19,
                10
            ]
        ],
        "Solution Cost: ": 955.9,
        "Used Vehicles: ": 6,
        "Primal Integral: ": 111.6824451377106,
        "Primal Gap: ": 0.16936918087666072
    },