{
    "DIDP_Complete": {
        "Path: ": [
            [
                27,
                52,
                18,
                89,
                6,
                94,
                95,
                97,
                92,
                59,
                96,
                99,
                93,
                85,
                91,
                16,
                61,
                84,
                5,
                60,
                83,
                8,
                82,
                7,
                88,
                31,
                70,
                30,
                20,
                51,
                9,
                81,
                33,
                50,
                77,
                68,
                80,
                54,
                4,
                56,
                75,
                22,
                74,
                72,
                73,
                21,
                40,
                58
            ],
            [
                53,
                26,
                12,
                76,
                3,
                79,
                78,
                34,
                35,
                71,
                65,
                66,
                32,
                90,
                63,
                64,
                49,
                36,
                47,
                46,
                45,
                17,
                86,
                100,
                98,
                37,
                42,
                57,
                2,
                13
            ],
            [
                1,
                69,
                10,
                62,
                11,
                19,
                48,
                44,
                38,
                14,
                43,
                15,
                41,
                23,
                67,
                39,
                25,
                55,
                24,
                29,
                28
            ],
            [
                87
            ]
        ],
        "Solution Cost: ": 800.8,
        "Used Vehicles: ": 4,
        "Primal Integral: ": 77.46470874905496,
        "Primal Gap: ": 0.12462537462537458
    },
    "DIDP_No_Resource": {
        "Path: ": [
            [
                27,
                52,
                18,
                89,
                6,
                94,
                95,
                97,
                92,
                59,
                99,
                93,
                85,
                91,
                16,
                61,
                84,
                17,
                45,
                8,
                82,
                48,
                7,
                88,
                31,
                70,
                30,
                20,
                51,
                9,
                81,
                33,
                3,
                77,
                68,
                80,
                54,
                4,
                56,
                75,
                22,
                74,
                72,
                73,
                21,
                40,
                26,
                12,
                28
            ],
            [
                53,
                58,
                13,
                2,
                57,
                42,
                43,
                14,
                100,
                37,
                98,
                96,
                5,
                83,
                60
            ],
            [
                69,
                1,
                10,
                62,
                11,
                19,
                47,
                46,
                36,
                49,
                64,
                63,
                90,
                32,
                66,
                65,
                71,
                35,
                34,
                78,
                79,
                29,
                24,
                25,
                55
            ],
            [
                50,
                76,
                39,
                67,
                23,
                41,
                15,
                38,
                44,
                86,
                87
            ]
        ],
        "Solution Cost: ": 833.2,
        "Used Vehicles: ": 4,
        "Primal Integral: ": 99.05559496220025,
        "Primal Gap: ": 0.15866538646183395
    },
    "DIDP_No_Bound": {
        "Path: ": [
            [
                53,
                58,
                13,
                94,
                95,
                59,
                93,
                98,
                37,
                100,
                91,
                85,
                61,
                5,
                60,
                83,
                18,
                89
            ],
            [
                27,
                69,
                1,
                50,
                76,
                3,
                77,
                68,
                80,
                54,
                25,
                39,
                56,
                75,
                74,
                22,
                73,
                21,
                40,
                26,
                12,
                28
            ],
            [
                6,
                96,
                99,
                97,
                87,
                2,
                57,
                42,
                14,
                44,
                16,
                86,
                17,
                84,
                45,
                46,
                8,
                82,
                7,
                88,
                31,
                70,
                30,
                51,
                33,
                81,
                78,
                34,
                35,
                71,
                65,
                66,
                32,
                90,
                63,
                64,
                49,
                36,
                47,
                48,
                52
            ],
            [
                62,
                19,
                11,
                10,
                20,
                9,
                79,
                29,
                24,
                55,
                4
            ],
            [
                92,
                38,
                43,
                15,
                41,
                23,
                67,
                72
            ]
        ],
        "Solution Cost: ": 863.8,
        "Used Vehicles: ": 5,
        "Primal Integral: ": 114.40676840976717,
        "Primal Gap: ": 0.18846955313730027
    },