{
    "DIDP_Complete": {
        "Path: ": [
            [
                27,
                52,
                18,
                89,
                6,
                94,
                95,
                97,
                92,
                59,
                96,
                99,
                93,
                85,
                91,
                16,
                61,
                84,
                5,
                60,
                83,
                8,
                82,
                7,
                88,
                31,
                70,
                30,
                20,
                51,
                9,
                81,
                33,
                50,
                77,
                68,
                80,
                54,
                4,
                56,
                75,
                22,
                74,
                72,
                73,
                21,
                40,
                58
            ],
            [
                53,
                26,
                12,
                76,
                3,
                79,
                78,
                34,
                35,
                71,
                65,
                66,
                32,
                90,
                63,
                64,
                49,
                36,
                47,
                46,
                45,
                17,
                86,
                100,
                98,
                37,
                42,
                57,
                2,
                13
            ],
            [
                28,
                1,
                69,
                10,
                62,
                11,
                19,
                48,
                44,
                38,
                14,
                43,
                15,
                41,
                23,
                67,
                39,
                25,
                55,
                24,
                29
            ],
            [
                87
            ]
        ],
        "Solution Cost: ": 803.9,
        "Used Vehicles: ": 4,
        "Primal Integral: ": 78.71042116171652,
        "Primal Gap: ": 0.1280009951486503
    },
    "DIDP_No_Resource": {
        "Path: ": [
            [],
            [
                27,
                52,
                18,
                83,
                60,
                89,
                6,
                94,
                95,
                97,
                92,
                59,
                99,
                93,
                85,
                91,
                16,
                61,
                5,
                84,
                17,
                45,
                8,
                82,
                7,
                88,
                31,
                70,
                30,
                20,
                51,
                9,
                81,
                33,
                3,
                77,
                68,
                80,
                54,
                4,
                56,
                75,
                22,
                74,
                72,
                73,
                21,
                26,
                12,
                28
            ],
            [
                53,
                40,
                2,
                57,
                42,
                43,
                14,
                100,
                37,
                98,
                96,
                13,
                58
            ],
            [
                69,
                1,
                10,
                62,
                11,
                19,
                48,
                47,
                46,
                36,
                49,
                64,
                63,
                90,
                32,
                66,
                65,
                71,
                35,
                34,
                78,
                79,
                29,
                24,
                25,
                55
            ],
            [
                50,
                76,
                39,
                67,
                23,
                41,
                15,
                38,
                44,
                86,
                87
            ]
        ],
        "Solution Cost: ": 826.7,
        "Used Vehicles: ": 5,
        "Primal Integral: ": 96.1273722479959,
        "Primal Gap: ": 0.1520503205515907
    },
    "DIDP_No_Bound": {
        "Path: ": [
            [
                89,
                6,
                94,
                95,
                97,
                92,
                37,
                98,
                59,
                96,
                99,
                93,
                85,
                91,
                16,
                61,
                84,
                5,
                60,
                83,
                8,
                82,
                7,
                88,
                31,
                70,
                30,
                20,
                51,
                9,
                81,
                33,
                3,
                77,
                68,
                80,
                54,
                4,
                56,
                75,
                74,
                72,
                73,
                21,
                40,
                58
            ],
            [
                28,
                26,
                12,
                76,
                50,
                1,
                69,
                10,
                62,
                11,
                63,
                90,
                32,
                66,
                71,
                35,
                34,
                78,
                79,
                29,
                24,
                55,
                25,
                39,
                22,
                41,
                2,
                57,
                42,
                100,
                13
            ],
            [
                53
            ],
            [
                27,
                52,
                18,
                48,
                47,
                36,
                46,
                45,
                17,
                86,
                38,
                44,
                14,
                43,
                15,
                87,
                23,
                67,
                65,
                64,
                49,
                19
            ]
        ],
        "Solution Cost: ": 873.4,
        "Used Vehicles: ": 4,
        "Primal Integral: ": 121.20033147023415,
        "Primal Gap: ": 0.19738951225097318
    },