{
    "DIDP_Complete": {
        "Path: ": [
            [
                53,
                40,
                58,
                13,
                94,
                6,
                96,
                99,
                92,
                97,
                37,
                100,
                91,
                93,
                60,
                89
            ],
            [
                27,
                52,
                31,
                88,
                7,
                82,
                8,
                45,
                84,
                61,
                16,
                86,
                44,
                14,
                42,
                87,
                57,
                15,
                41,
                22,
                74,
                56,
                39,
                25,
                55,
                4,
                54,
                26
            ],
            [
                28,
                12,
                80,
                68,
                76,
                77,
                3,
                79,
                78,
                34,
                35,
                65,
                66,
                20,
                32,
                10,
                70,
                1
            ],
            [
                95,
                59,
                98,
                5,
                83,
                47,
                19,
                62,
                11,
                64,
                63,
                90,
                30,
                51,
                71,
                9,
                81,
                33,
                50,
                69
            ],
            [
                2,
                21,
                72,
                73,
                75,
                23,
                67,
                29,
                24
            ],
            [
                18,
                17,
                46,
                36,
                49,
                48
            ],
            [
                85,
                38,
                43
            ]
        ],
        "Solution Cost: ": 999.6,
        "Used Vehicles: ": 7,
        "Primal Integral: ": 94.4261779384411,
        "Primal Gap: ": 0.14485794317727096
    },
    "DIDP_No_Resource": {
        "Path: ": [
            [],
            [
                53,
                40,
                58,
                13,
                94,
                6,
                96,
                99,
                92,
                97,
                37,
                100,
                91,
                93,
                60,
                89
            ],
            [
                28,
                27,
                69,
                31,
                88,
                62,
                7,
                82,
                8,
                45,
                84,
                61,
                16,
                86,
                44,
                14,
                42,
                87,
                57,
                15,
                43,
                41,
                22,
                74,
                56,
                39,
                25,
                55,
                4,
                54,
                24,
                80,
                68
            ],
            [
                52,
                70,
                30,
                51,
                9,
                81,
                33,
                77,
                76,
                50,
                3,
                79,
                78,
                34,
                35,
                65,
                66,
                20,
                32,
                10,
                1
            ],
            [
                95,
                59,
                98,
                5,
                83,
                47,
                19,
                11,
                63,
                90,
                64,
                49,
                36,
                46,
                48
            ],
            [
                21,
                72,
                67,
                23,
                75,
                73,
                2,
                85,
                38,
                17,
                18
            ],
            [
                71,
                29,
                12,
                26
            ]
        ],
        "Solution Cost: ": 1003.5,
        "Used Vehicles: ": 7,
        "Primal Integral: ": 92.41653922437851,
        "Primal Gap: ": 0.148181365221724
    },
    "DIDP_No_Bound": {
        "Path: ": [
            [
                53,
                58,
                13,
                94,
                99,
                93,
                100,
                37,
                92,
                97,
                96,
                6,
                89
            ],
            [
                27,
                28,
                12,
                80,
                68,
                77,
                76,
                50,
                33,
                3,
                79,
                78,
                34,
                35,
                9,
                20,
                32,
                10,
                70,
                1
            ],
            [
                40,
                21,
                73,
                72,
                75,
                41,
                22,
                74,
                56,
                39,
                25,
                55,
                4,
                54,
                26
            ],
            [
                95,
                59,
                98,
                85,
                5,
                84,
                61,
                16,
                86,
                44,
                14,
                42,
                87,
                57,
                15,
                43,
                91
            ],
            [
                69,
                31,
                88,
                62,
                63,
                11,
                19,
                47,
                7,
                82,
                83,
                18,
                8,
                45,
                17,
                60
            ],
            [
                52,
                30,
                51,
                81,
                71,
                65,
                66,
                90,
                64,
                49,
                36,
                46,
                48
            ],
            [
                38,
                2,
                23,
                67,
                29,
                24
            ]
        ],
        "Solution Cost: ": 1029.8,
        "Used Vehicles: ": 7,
        "Primal Integral: ": 102.86993302842507,
        "Primal Gap: ": 0.16993590988541465
    },