{
    "DIDP_Complete": {
        "Path: ": [
            [
                27,
                69,
                31,
                88,
                7,
                82,
                8,
                45,
                84,
                61,
                85,
                93,
                92,
                59,
                99,
                6,
                94,
                13,
                58,
                40,
                26,
                53
            ],
            [
                28,
                12,
                76,
                33,
                81,
                51,
                9,
                35,
                34,
                78,
                79,
                3,
                77,
                68,
                80,
                24,
                54,
                55,
                25,
                39,
                56,
                4
            ],
            [
                2,
                73,
                21,
                72,
                75,
                74,
                22,
                41,
                15,
                43,
                42,
                97,
                37,
                100,
                91,
                96,
                60,
                89
            ],
            [
                52,
                62,
                19,
                47,
                36,
                49,
                64,
                11,
                10,
                90,
                32,
                20,
                70,
                1,
                50
            ],
            [
                95,
                98,
                16,
                5,
                83,
                18,
                87,
                57,
                14,
                44,
                38,
                86,
                17,
                46,
                48
            ],
            [
                23,
                67,
                29,
                71,
                65,
                63,
                66,
                30
            ]
        ],
        "Solution Cost: ": 1024.5,
        "Used Vehicles: ": 6,
        "Primal Integral: ": 102.65019511865856,
        "Primal Gap: ": 0.16564177647632997
    },
    "DIDP_No_Resource": {
        "Path: ": [
            [],
            [
                53,
                40,
                58,
                13,
                94,
                6,
                96,
                99,
                92,
                97,
                37,
                100,
                91,
                93,
                60,
                89
            ],
            [
                28,
                27,
                69,
                31,
                88,
                62,
                7,
                82,
                8,
                45,
                84,
                61,
                16,
                86,
                44,
                14,
                42,
                87,
                57,
                15,
                41,
                22,
                74,
                56,
                39,
                25,
                55,
                4,
                54,
                24,
                80,
                68,
                77,
                1
            ],
            [
                52,
                18,
                70,
                30,
                51,
                9,
                81,
                33,
                76,
                50,
                3,
                79,
                78,
                34,
                35,
                65,
                66,
                20,
                32,
                10
            ],
            [
                95,
                59,
                5,
                83,
                47,
                19,
                11,
                63,
                90,
                64,
                49,
                36,
                46,
                48
            ],
            [
                21,
                72,
                67,
                23,
                75,
                73,
                2,
                98,
                85,
                17,
                38,
                43
            ],
            [
                71,
                29,
                12,
                26
            ]
        ],
        "Solution Cost: ": 1015.0,
        "Used Vehicles: ": 7,
        "Primal Integral: ": 96.53231241802159,
        "Primal Gap: ": 0.15783251231527098
    },
    "DIDP_No_Bound": {
        "Path: ": [
            [
                6,
                95,
                92,
                59,
                99,
                93,
                98,
                85,
                61,
                16,
                91,
                100,
                37,
                96,
                13,
                58
            ],
            [
                53,
                40,
                21,
                73,
                72,
                75,
                41,
                22,
                74,
                56,
                39,
                25,
                55,
                4,
                54,
                80,
                68,
                77,
                50,
                1
            ],
            [
                27,
                69,
                31,
                88,
                62,
                11,
                19,
                47,
                82,
                8,
                45,
                83,
                84,
                5,
                60,
                89
            ],
            [
                28,
                12,
                76,
                51,
                71,
                9,
                81,
                33,
                3,
                79,
                78,
                34,
                35,
                65,
                66,
                20,
                32,
                10,
                70
            ],
            [
                42,
                14,
                44,
                38,
                86,
                17,
                18,
                94,
                87,
                57,
                15,
                43,
                97
            ],
            [
                52,
                7,
                63,
                30,
                90,
                64,
                49,
                36,
                46,
                48
            ],
            [
                2,
                23,
                67,
                29,
                24,
                26
            ]
        ],
        "Solution Cost: ": 989.5,
        "Used Vehicles: ": 7,
        "Primal Integral: ": 89.68688337884491,
        "Primal Gap: ": 0.1361293582617484
    },