{
    "DIDP_Complete": {
        "Path: ": [
            [
                27,
                69,
                31,
                88,
                62,
                11,
                19,
                47,
                48,
                82,
                7,
                52,
                18,
                83,
                60,
                5,
                84,
                61,
                16,
                91,
                85,
                98,
                37,
                93,
                59,
                96,
                94,
                95,
                97,
                13,
                58
            ],
            [
                28,
                26,
                12,
                76,
                50,
                3,
                79,
                78,
                81,
                9,
                51,
                20,
                32,
                90,
                63,
                10,
                70,
                1
            ],
            [
                53,
                40,
                21,
                73,
                72,
                75,
                41,
                22,
                74,
                56,
                4,
                55,
                54,
                24,
                80,
                68,
                77
            ],
            [
                2,
                57,
                15,
                42,
                44,
                86,
                38,
                14,
                87,
                99,
                6,
                89
            ],
            [
                30,
                33,
                29,
                34,
                65,
                71,
                35,
                66
            ],
            [
                23,
                67,
                39,
                25
            ],
            [
                92,
                45,
                36,
                64,
                49,
                46,
                8,
                17,
                100,
                43
            ]
        ],
        "Solution Cost: ": 1045.6,
        "Used Vehicles: ": 7,
        "Primal Integral: ": 90.43655313613904,
        "Primal Gap: ": 0.13877199693955616
    },
    "DIDP_No_Resource": {
        "Path: ": [
            [],
            [
                27,
                69,
                31,
                88,
                62,
                11,
                19,
                47,
                48,
                82,
                8,
                83,
                60,
                5,
                84,
                61,
                16,
                91,
                85,
                37,
                98,
                93,
                59,
                96,
                94,
                95,
                97,
                13,
                58
            ],
            [
                53,
                26,
                40,
                21,
                73,
                72,
                41,
                22,
                74,
                75,
                56,
                4,
                54,
                24,
                80,
                68,
                77,
                50,
                1
            ],
            [
                28,
                12,
                76,
                3,
                79,
                78,
                34,
                81,
                51,
                9,
                71,
                66,
                20,
                32,
                90,
                10,
                70,
                52,
                89
            ],
            [
                2,
                57,
                15,
                42,
                44,
                86,
                38,
                14,
                87,
                99,
                6,
                18,
                7,
                49,
                46,
                17,
                100,
                43
            ],
            [
                23,
                67,
                39,
                55,
                25
            ],
            [
                92,
                45,
                36,
                64,
                63,
                30,
                33,
                29,
                65,
                35
            ]
        ],
        "Solution Cost: ": 1056.9,
        "Used Vehicles: ": 7,
        "Primal Integral: ": 98.10998059628734,
        "Primal Gap: ": 0.14797994133787498
    },
    "DIDP_No_Bound": {
        "Path: ": [
            [
                6,
                96,
                99,
                59,
                37,
                98,
                85,
                91,
                16,
                61,
                84,
                83,
                60,
                5,
                93,
                97,
                95,
                94,
                13,
                58
            ],
            [
                53,
                40,
                21,
                73,
                72,
                41,
                22,
                74,
                75,
                56,
                4,
                54,
                80,
                68,
                3,
                77,
                50
            ],
            [
                27,
                69,
                31,
                88,
                62,
                7,
                82,
                48,
                19,
                11,
                63,
                90,
                30,
                51,
                9,
                81,
                79,
                29,
                78,
                34,
                71,
                66,
                20,
                32,
                10,
                70,
                1
            ],
            [
                28,
                76,
                12,
                26
            ],
            [
                92,
                42,
                15,
                14,
                38,
                86,
                44,
                87,
                2,
                57,
                43,
                100
            ],
            [
                52,
                18,
                45,
                47,
                36,
                64,
                49,
                46,
                8,
                17,
                89
            ],
            [
                23,
                67,
                39,
                55,
                25,
                24
            ],
            [
                33,
                65,
                35
            ]
        ],
        "Solution Cost: ": 1043.1,
        "Used Vehicles: ": 8,
        "Primal Integral: ": 90.42976284229775,
        "Primal Gap: ": 0.13670788994343774
    },