{
    "DIDP_Complete": {
        "Path: ": [
            [
                53,
                28,
                26,
                40,
                58,
                13,
                94,
                95,
                97,
                92,
                37,
                100,
                91,
                85,
                93,
                59,
                96,
                6,
                89
            ],
            [
                27,
                69,
                31,
                88,
                7,
                82,
                8,
                45,
                83,
                60,
                5,
                61,
                16,
                44,
                14,
                42,
                87,
                57,
                41,
                22,
                74,
                56,
                4,
                25,
                55,
                54,
                80,
                68
            ],
            [
                52,
                62,
                11,
                19,
                47,
                36,
                49,
                64,
                63,
                90,
                10,
                70,
                30,
                20,
                66,
                71,
                65,
                35,
                34,
                78,
                79,
                3,
                77
            ],
            [
                21,
                73,
                72,
                75,
                23,
                67,
                39,
                24,
                29,
                12,
                76,
                50,
                33,
                81,
                9,
                51,
                32,
                1
            ],
            [
                18,
                99,
                98,
                2,
                15,
                43,
                38,
                86,
                17,
                84,
                46,
                48
            ]
        ],
        "Solution Cost: ": 878.9,
        "Used Vehicles: ": 5,
        "Primal Integral: ": 101.46656363510392,
        "Primal Gap: ": 0.15041529184207525
    },
    "DIDP_No_Resource": {
        "Path: ": [
            [
                27,
                52,
                89,
                6,
                94,
                96,
                99,
                59,
                93,
                85,
                61,
                16,
                91,
                100,
                37,
                92,
                97,
                13,
                58,
                53
            ],
            [
                28,
                12,
                76,
                3,
                79,
                78,
                33,
                81,
                9,
                51,
                20,
                32,
                90,
                10,
                70,
                1,
                50,
                77,
                68,
                80,
                54,
                55,
                25,
                4,
                56,
                74,
                26
            ],
            [
                69,
                31,
                88,
                62,
                11,
                19,
                47,
                48,
                7,
                82,
                8,
                45,
                83,
                60,
                5,
                84,
                17,
                86,
                14,
                43,
                57
            ],
            [
                40,
                21,
                72,
                73,
                2,
                87,
                42,
                15,
                41,
                22,
                75,
                23,
                67,
                39,
                24,
                29
            ],
            [
                95,
                98,
                44,
                38,
                18,
                46,
                36,
                49,
                64,
                63,
                30,
                66,
                65,
                71,
                35,
                34
            ]
        ],
        "Solution Cost: ": 907.8,
        "Used Vehicles: ": 5,
        "Primal Integral: ": 112.59221637100605,
        "Primal Gap: ": 0.1774619960343687
    },
    "DIDP_No_Bound": {
        "Path: ": [
            [
                89,
                6,
                95,
                97,
                92,
                98,
                37,
                100,
                91,
                85,
                93,
                59,
                99,
                96,
                94,
                13,
                58
            ],
            [
                53,
                40,
                21,
                73,
                72,
                74,
                22,
                75,
                56,
                39,
                25,
                55,
                54,
                80,
                68,
                77,
                3,
                50,
                1
            ],
            [
                27,
                28,
                12,
                76,
                79,
                33,
                81,
                9,
                51,
                30,
                70,
                31,
                88,
                62,
                11,
                19,
                47,
                48,
                82,
                8,
                45,
                17,
                84,
                60
            ],
            [
                52,
                18,
                83,
                5,
                61,
                16,
                86,
                38,
                44,
                14,
                42,
                43,
                15,
                57,
                2
            ],
            [
                24,
                29,
                78,
                34,
                35,
                71,
                65,
                66,
                20,
                32,
                90,
                10
            ],
            [
                69,
                7,
                63,
                64,
                49,
                36,
                46,
                87,
                41,
                23,
                67,
                4,
                26
            ]
        ],
        "Solution Cost: ": 878.9,
        "Used Vehicles: ": 6,
        "Primal Integral: ": 108.00837220560824,
        "Primal Gap: ": 0.15041529184207525
    },